,tweet,lon,lat
0,"['mano', 'janssen', 'curiosamente', 'ma', 'frente', 'fox', 'ayudita']",-99.180678,19.444937
1,"['fila', 'persona', 'sentadas', 'brazo', 'descubrir', 'esperar', 'vacuna', 'paisaje', 'lindo', 'vacuna', 'coyoaca']",-99.17719229086067,19.30989947245228
2,"['felicidad', 'proceso', 'vacuna', 'maravilla', 'minuto', 'entrar', 'salir', 'mundo', 'amable']",-99.1600234,19.152878
3,"['llegar', 'cafe', 'doble', 'cafe', 'adulterado', 'vacuna']",-99.137171,19.375769
4,"['vengo', 'tratar', 'concierto', 'astrazeneca']",-99.09989177728548,19.40414062562128
5,"['amigo', 'postvacuna', 'covid', 'unico', 'efecto', 'adverso', 'dolor brazo', 'cansancio']",-99.1843501,19.3998346
6,"['hacios', 'regresar', 'europo', 'jugadora', 'superar', 'hugo', 'sanchez', 'espana']",-99.1919955,19.357102
7,"['festejando', 'bono', 'falta', 'registro', 'vacuna', 'vacuna', 'vacuna', 'vacuna', 'porno', 'sed', 'malo']",-99.140238,19.2846922
8,"['vacuna', 'regresar', 'dirigir', 'podcasts', 'taquito', 'pastor']",-99.1919955,19.357102
9,"['deber', 'vacuna', 'enfermaron', 'pendejo']",-99.1843501,19.3998346
10,"['puse', 'vacuna', 'doler', 'cabeza', 'camita', 'unico', 'recurso', 'lloviendo', 'frio', 'saludo', 'amigo']",-99.128294,19.4043522
11,"['pedir', 'compren', 'libro', 'digital', 'pedir', 'vacuna', 'cuiden', 'cubrebocas', 'gel', 'antibacterial', 'sano', 'distancia']",-99.2058092,19.2970107
12,"['vacuna', 'dosis', 'cuento', 'pegar', 'astrazeneca', 'literal', 'tardar', 'minuto', 'salir', 'vac<UNK>nen', 'vacuna']",-99.1919955,19.357102
13,"['janssen', 'jugar', 'figura', 'pase', 'anotar', 'amonestan', 'misterio', 'jugar', 'paisbajeno', 'entender']",-99.1843501,19.3998346
14,"['hablar', 'put']",-99.137171,19.375769
15,"['salir', 'concentrado', 'advierta', 'defensa', 'gritar', 'cansancio', 'atento', 'partido', 'esperar', 'servir', 'experiencia', 'animo', 'duro', 'esperar', 'seleccion']",-99.118665,19.484399
16,"['vacuna', 'prueba', 'leve', 'esterilizacion', 'ey', 'pescado', 'mover', 'pilo']",-99.128294,19.4043522
17,"['dolor brazo', 'cansancio', 'leve']",-99.067766,19.3668621
18,"['padre', 'vacuna', 'importar', 'seguir', 'cola', 'vacuna', 'esperar', 'joven', 'viejo', 'ejercicio', 'mantener', 'sano', 'distancia', 'home', 'office', 'realmente', 'preocupo', 'vacuna', 'porno', 'caliente']",-99.137171,19.375769
19,"['adulto', 'tocar', 'vacuna', 'aire', 'clan', 'vacuna', 'aire']",-99.1776562,19.349277
20,"['mama', 'vacuna', 'fiebre', 'dolor cabeza', 'cuerpo', 'vacuna', 'papa', 'miedo', 'sintoma', 'fuerte', 'don', 'andar']",-99.140238,19.2846922
21,"['tons', 'meter', 'gol', 'janssen']",-99.259495,19.3863707
22,"['gracias', 'presidente', 'andres', 'manuel', 'lopez', 'obrador', 'tocar', 'vacuna', 'covid', 'organizacion', 'extraordinario', 'realmente', 'fantastico', 'gracias', 'doctora', 'claudia', 'sheibaum', 'genial', 'doctor', 'hugo', 'lopez', 'gatell', 'ojete']",-99.1919955,19.357102
23,"['amigo', 'deberia', 'fila', 'vacuna']",-99.1843501,19.3998346
24,"['ficha', 'entrar', 'hora', 'fila', 'falta', 'rato', 'vacuna', 'magdalenacontreras']",-99.2058092,19.2970107
25,"['gente', 'unico', 'centro', 'vacuna', 'bj', 'quitar', 'cum', 'alberca', 'olimpico', 'terrible']",-99.1919955,19.357102
26,"['esperar', 'atendida', 'amaneci', 'fiebre', 'dolor muscular', 'falta', 'aire', 'mandar', 'urgencia', 'respiratorio', 'acabar']",-99.259495,19.3863707
27,"['put', 'sano', 'distancia', 'chingo', 'pendejo', 'vacuna', 'foto']",-99.259495,19.3863707
28,"['pregunta', 'estimado', 'vi', 'pregunta', 'pasar', 'vacuna']",-99.1919955,19.357102
29,"['observacion', 'post', 'vacuna', 'senora', 'pedir', 'prestado', 'pluma', 'hermana', 'regresar', 'desinfecte', 'gracias', 'triste', 'hermoso']",-99.1508609792346,19.446844052015468
30,"['sone', 'lindo', 'vender', 'vacuna', 'farmacia', 'similar']",-99.2058092,19.2970107
31,"['pregunta', 'mami', 'asistir', 'modulo', 'vacuna', 'pq', 'hipertensa', 'diabeticama', 'parada', 'sentado', 'alcaldia', 'coyoacan', 'letra', 'apellido', 'vendran', 'domicilio', 'vacuna']",-99.2058092,19.2970107
32,"['relativo', 'vacuna', 'persona', 'diario', 'claramente', 'sobrar', 'vacuna', 'doc']",-99.180678,19.444937
33,"['necesitar', 'dosis', 'mundo', 'comenzar', 'girar', 'mirar', 'ojo', 'viernes', 'excelsa', 'dama', 'cerrar', 'semana', 'energia', 'actitud', 'frio', 'clima']",-99.137171,19.375769
34,"['chiapaneco', 'miedo', 'vacuna', 'post', 'matar', 'covid']",-99.2058092,19.2970107
35,"['fiebre', 'alucinar', 'conejito', 'dosis', 'astrazeneca']",-99.1919955,19.357102
36,"['desgraciadamente', 'deseo', 'paz', 'compartido', 'genocida', 'historia', 'moderna']",-99.2058092,19.2970107
37,"['extranjero', 'roma', 'norte', 'seguramente', 'vacuna', 'tantito', 'respeto', 'saquen', 'pasear', 'mascota', 'comprar', 'juguito', 'manana', 'esperar', 'fila', 'rosetto', 'cubrebocas', 'puesto']",-99.1767677,19.4104602
38,"['minuto', 'puse', 'astrazeneca', 'sentir', 'caer', 'brazo']",-99.2058092,19.2970107
39,"['secundo', 'excelente', 'mocion', 'amiguis', 'doctora', 'medicornio', 'vacuna', 'vacuna', 'quitar', 'pensamo', 'coherentemente']",-99.128294,19.4043522
40,"['traumada', 'dolor muscular', 'pensar', 'covid']",-99.1919955,19.357102
41,"['ojala', 'perro', 'super', 'jaja', 'cansancio', 'drama', 'traer', 'comida']",-99.2058092,19.2970107
42,"['vinieron', 'personalmente', 'apuntar', 'telefono', 'prometieron', 'comunicar', 'preocupar', 'autoridad', 'cerrado', 'ciclo', 'vacuna', 'vinieron', 'asilo', 'prometieron', 'regresar', 'esperar', 'vacuna', 'mama']",-99.1919955,19.357102
43,"['sorry', 'choche', 'gustar', 'pensar', 'historia', 'humanidad', 'representar', 'especie', 'camino', 'planeta', 'osea', 'moralidad', 'moderna', 'representar', 'experiencia', 'humano', 'aja']",-99.1919955,19.357102
44,"['scotiabank', 'robar', 'cansancio']",-99.1843501,19.3998346
45,"['amiguita', 'fila', 'vacuna']",-99.259495,19.3863707
46,"['puse', 'cubrebocas', 'calle', 'vacuna', 'senora', 'tapo', 'nariz', 'pasar']",-99.1843501,19.3998346
47,"['creer', 'vacuna', 'terapia', 'energia', 'puto', 'chiste']",-99.1843501,19.3998346
48,"['janssen', 'meta', 'gol', 'pregunta', 'cuestionar', 'francisco', 'gabriel', 'andar', 'picanteespn']",-99.1843501,19.3998346
49,"['tendencia', 'gente', 'creer', 'gobierno', 'vacuna', 'ojala', 'entiendan', 'colapso', 'venir', 'duro', 'chingar', 'gente']",-99.067766,19.3668621
50,"['jugar', 'mamon', 'discutir', 'vacuna', 'chicle', 'vacuna', 'jugar', 'jugar']",-99.1919955,19.357102
51,"['digno', 'destacar', 'rapidez', 'vacuna', 'alcaldia', 'minuto', 'esperar', 'minuto', 'reaccion']",-99.1600234,19.152878
52,"['frase', 'quedo', 'proyecto', 'vacuna']",-99.1843501,19.3998346
53,"['vengo', 'despertando', 'vacuna', 'potente', 'jajaja']",-99.1843501,19.3998346
54,"['moderna', 'bonito', 'toque', 'gringo', 'molestar', 'calor', 'gustar', 'visitar', 'esperar', 'regresar']",-99.137171,19.375769
55,"['pasar', 'semana', 'recio', 'discoteca', 'infecte', 'comi', 'gracias', 'astrazeneca', 'tom']",-99.1843501,19.3998346
56,"['porno', 'vivo', 'viagra', 'vacuna', 'covid', 'placer']",-99.140238,19.2846922
57,"['ay', 'antojan', 'apapacho', 'post', 'vacuna']",-99.180678,19.444937
58,"['alguien', 'tocar', 'vacuna', 'campo', 'marte', 'viernes', 'irno']",-99.1919955,19.357102
59,"['uyo', 'vacuna', 'jaja', 'cosa', 'gustar', 'cafe']",-99.2058092,19.2970107
60,"['hijole', 'senora', 'salir', 'lasmaroma', 'material', 'videografico', 'don', 'simulacion', 'vacuna', 'sorry', 'not', 'sorry']",-99.140238,19.2846922
61,"['sintoma', 'noche', 'sude', 'vida', 'desperte', 'sentir', 'cama', 'almohada', 'empapado', 'sentir', 'dosis']",-99.1919955,19.357102
62,"['duda', 'intervencion', 'prolongado', 'historia', 'moderna', 'intervencion', 'rico', 'conocimiento', 'experiencia', 'don', 'munoz', 'pedo', 'institucion', 'deber', 'aprender', 'puta', 'paris', 'valer', 'misa']",-98.975864,19.22413
63,"['moderna', 'destruir', 'sufrir', 'instante']",-99.259495,19.3863707
64,"['pensar', 'unico', 'bonito', 'frase', 'alguien']",-99.1919955,19.357102
65,"['unico', 'molestar', 'realmente', 'situacion', 'post', 'vacuna', 'ejercicio', 'inspiracion', 'diario', 'espejo', 'sentir', 'feliz']",-99.180678,19.444937
66,"['reducir', 'vacuna', 'hora', 'minuto', 'observacion', 'minuto']",-99.180678,19.444937
67,"['quitar', 'cansancio', 'logre', 'descansar']",-99.1919955,19.357102
68,"['tragedia', 'moderna', 'celular', 'resista', 'videoconferencia', 'quedar', 'bateria']",-99.1843501,19.3998346
69,"['nuevamente', 'reportar', 'luminario', 'prender', 'vinieron', 'revisar', 'prender', 'funcionar', 'funcionar', 'noche', 'altura', 'sucre', 'colonia', 'moderna']",-99.1919955,19.357102
70,"['agradecer', 'presidente', 'carlo', 'salino', 'cortar', 'pri', 'vacuna', 'bebe', 'gracias', 'esquema', 'vacuna', 'completar', 'ano', 'vida']",-99.180678,19.444937
71,"['moderna', 'reaccion', 'venir', 'cama', 'dolor brazo', 'inyectan', 'minuto', 'duro']",-99.1843501,19.3998346
72,"['suponer', 'cerrar', 'mediodia', 'vacuna', 'coyoacan', 'cerrar']",-99.11683073263325,19.31838927241306
73,"['cantar', 'cielito', 'lindo', 'cuarentena', 'sentir', 'super', 'decepcionado', 'comprar', 'vacuna']",-99.2058092,19.2970107
74,"['persona', 'distancia', 'apapacho', 'mueres', 'cansancio', 'mental']",-99.1919955,19.357102
75,"['necesitar', 'dosis', 'diario', 'cafe', 'mananero', 'ando', 'zombie', 'malhumorado', 'normalmente', 'tazo', 'hablar', 'traigan', 'cafe']",-99.2058092,19.2970107
76,"['chavizano', 'onda', 'formato', 'vacuna', 'detienen', 'fila', 'preocupar', 'investigar', 'youtube', 're', 'esencial', 'andar', 'tragando', 'moscas']",-99.1843501,19.3998346
77,"['suponer', 'reportar', 'experiencia', 'vacuna', 'moderna', 'aplicacion', 'dolor brazo', 'perduro', 'alivian', 'paracetamol', 'pasar', 'pd', 'robot']",-99.118665,19.484399
78,"['afan', 'unico', 'proveedor', 'crear', 'mercado', 'negro', 'vacuna']",-99.1919955,19.357102
79,"['precisamente', 'vacuna', 'unico', 'sentir', 'dolor brazo', 'izquierdo']",-99.15695509895556,19.421871442895988
80,"['hola', 'sputnik', 'agradecer', 'venir', 'alucinacion', 'bonito', 'sueno', 'brote', 'bebe']",-99.140238,19.2846922
81,"['pendejo', 'deber', 'hincar', 'subsecretario', 'traer', 'vacuna', 'pusiste', 'rata', 'pata', 'cancion']",-99.128294,19.4043522
82,"['moquillo', 'don', 'pendejo', 'efecto', 'colateral', 'salir', 'pelo', 'chayote', 'vi', 'vacuna', 'nomas', 'desparasitar', 'quedar']",-99.1919955,19.357102
83,"['maniatico', 'moderna', 'puse', 'gabacho', 'salir', 'estudio', 'combinacion', 'funcionar', 'chido']",-99.259495,19.3863707
84,"['escuchar', 'post', 'punk', 'ruso', 'vacuna']",-99.118665,19.484399
85,"['chavos', 'vacuna', 'onda', 'apoyar', 'trafico', 'indicar', 'estacionar', 'falta', 'entender', 'aposentos', 'elemento', 'transito', 'cal', 'guadalupe', 'costar', 'prepa']",-99.13397104447684,19.307734275669382
86,"['pase', 'lanzar', 'sputnik', 'necesario', 'fiebre', 'hora']",-99.140238,19.2846922
87,"['adivinen', 'diarrea', 'fiebre', 'dolor muscular']",-99.259495,19.3863707
88,"['angel', 'regia', 'lista', 'lucir', 'nombre', 'martin', 'ojeada', 'godoy', 'cruz', 'morir', 'lucir', 'kane', 'janssen', 'romo', 'llenar', 'boleto', 'cambio', 'tigre', 'gracias']",-99.1843501,19.3998346
89,"['cansancio', 'infame', 'fisico', 'quitar', 'acostada', 'dormir', 'hora', 'retomar', 'terapia']",-99.259495,19.3863707
90,"['sueno', 'falta', 'moderna']",-99.1843501,19.3998346
91,"['playlist', 'vacuna', 'hora', 'sentado', 'stupid']",-99.137171,19.375769
92,"['disque', 'registro', 'vacuna', 'vacuna', 'ine', 'registronoma', 'entender']",-99.1919955,19.357102
93,"['entendiste', 'explicacion', 'vacuna', 'aire', 'cara']",-99.1843501,19.3998346
94,"['aceptemo', 'generacion', 'disco', 'registremonos', 'vacuna', 'chavos']",-99.0693801,19.198192
95,"['ojala', 'vacuna', 'quitara', 'dolor', 'ciaticar']",-99.180678,19.444937
96,"['llamar', 'paulino', 'encontrar', 'arbusto', 'comian', 'perro', 'sano', 'vacuna', 'desparasitar', 'esterilizar', 'paulino', 'bebe', 'interesar', 'adoptar', 'requisito', 'adopcioneslunaytamara']",-99.1919955,19.357102
97,"['dosis', 'vacuna', 'pfizer', 'bio', 'tech', 'co', 'madrugada', 'escalofrio', 'fiebre', 'volver', 'malo', 'noche', 'vida', 'perdido', 'covid']",-99.2058092,19.2970107
98,"['anunciar', 'vacuna', 'persona', 'diario', 'feliz', 'avance', 'terrible']",-99.1919955,19.357102
99,"['creador', 'calentamiento', 'global', 'tierra', 'plano', 'vacuna', 'traer', 'chip', 'controlen', 'iluminati', 'llegar', 'banda', 'antioxigeno', 'nomas', 'pendejo', 'alto']",-99.1843501,19.3998346
100,"['estimado', 'don', 'caballo', 'vacuna', 'iq', 'vacuna', 'discriminan', 'saludo']",-99.1843501,19.3998346
101,"['pregunta', 'pedir', 'prueba', 'covid', 'esquema', 'vacuna', 'entrar', 'partido', 'llego', 'viernes', 'guadalajara', 'torneo', 'control', 'gracias', 'finals']",-99.1919955,19.357102
102,"['variable', 'gripa', 'ronquera', 'congestion', 'leve', 'tos', 'dolor garganta', 'fiebre', 'cansancio', 'perder', 'olfato', 'gusto', 'hiciste', 'prueba', 'unico', 'forma', 'descartar', 'covid', 'gripa']",-99.1600234,19.152878
103,"['alexa', 'cansancio', 'terrible', 'cero', 'energia', 'desempacar']",-99.259495,19.3863707
104,"['sabado', 'hora', 'andaremos', 'vacuna', 'falta']",-99.2058092,19.2970107
105,"['resfriado', 'comun', 'horrible', 'fiebre', 'cansancio', 'dolor muscular', 'abrazo']",-99.1919955,19.357102
106,"['sonar', 'delicioso', 'robar', 'energia', 'entender', 'cansancio']",-99.140238,19.2846922
107,"['dosis', 'prudente', 'regresar', 'gimnasio']",-99.2058092,19.2970107
108,"['florencia', 'mariguano', 'venir', 'hablar', 'hablar', 'vacuna']",-99.1919955,19.357102
109,"['cuidense', 'cuiden', 'gente', 'ojala', 'vacuna', 'merecer']",-99.259495,19.3863707
110,"['rencrisis', 'podcast', 'hablar', 'docencia', 'vacuna', 'doctor', 'rene', 'alcanzara', 'ojala', 'agrado', 'gracias', 'invitacion']",-99.1919955,19.357102
111,"['abrazo', 'beso', 'acostumbramo', 'ochentero', 'noventero', 'ey', 'canijo', 'chavos', 'chavorruco', 'nostalgia', 'musical', 'dosis']",-99.137171,19.375769
112,"['politico', 'antivacuna', 'aplicaron', 'dosis', 'fiel', 'seguidor', 'andar', 'jugar', 'macho']",-99.1843501,19.3998346
113,"['mama', 'recibir', 'vacuna', 'molestia', 'regresar', 'alma', 'cuerpo', 'falta', 'papa', 'vacuna', 'astrazeneca']",-99.1919955,19.357102
114,"['miedo', 'vacuna', 'aire', 'entrar']",-99.259495,19.3863707
115,"['maldito', 'vacuna', 'tiro']",-99.1843501,19.3998346
116,"['porno', 'helado', 'serie', 'historia', 'moderna']",-99.1843501,19.3998346
117,"['chido', 'minuto', 'vacuna', 'sala', 'observacion', 'joya']",-99.1919955,19.357102
118,"['mero', 'curiosidad', 'cuarentones', 'azcapotzalco', 'vacuna', 'poli', 'zacatenco', 'gam', 'vivo', 'gam', 'afectar', 'nomas', 'curiosidad']",-99.180678,19.444937
119,"['desvelado', 'despeinado', 'hambre', 'dosis', 'campo', 'marte', 'miguel', 'hidalgo']",-99.19679495,19.42385214
120,"['vacuna', 'sintoma', 'hora', 'esperar', 'pasen', 'um']",-99.18357542,19.50293888
121,"['ufo', 'mirar', 'definitivo', 'cansancio', 'sueno', 'oler', 'combatir', 'insomnio', 'gente', 'flor', 'almohada', 'secar', 'arrancar', 'flor', 'oler', 'proposito', 'peligro', 'senora', 'planta']",-99.1919955,19.357102
122,"['pobrecito', 'loco', 'robar', 'cansancio']",-99.1919955,19.357102
123,"['duda', 'juego', 'dolor muscular', 'inconforme', 'minuto', 'opinar']",-99.259495,19.3863707
124,"['daban', 'gana', 'molestar', 'paladin', 'repetimo', 'dosis', 'pasen', 'mes', 'arrojarme']",-99.2058092,19.2970107
125,"['citar', 'humano', 'cepillo', 'origen', 'persona', 'feliz', 'perder', 'hiciste', 'robar', 'vacuna', 'referencia', 'cita', 'persona', 'miserable', 'infeliz']",-99.1919955,19.357102
126,"['funcionar', 'vacuna', 'cuerpazo', 'reaccionando', 'descansa', 'abrigate', 'frio', 'flojero', 'leve', 'abrazo', 'solidario', 'dulzura']",-99.2058092,19.2970107
127,"['drenado', 'energia', 'maldito', 'vacuna']",-99.1919955,19.357102
128,"['inventar', 'dosis', 'astrazeneca', 'hora', 'noche', 'sentir', 'boa', 'morir', 'doler', 'horrible', 'cuerpo', 'cabeza']",-99.128294,19.4043522
129,"['encontrar', 'tuiteo', 'lindo', 'vacuna', 'super', 'chiquito', 'bonito']",-99.259495,19.3863707
130,"['abrimo', 'jabon', 'novia', 'olor', 'bebe', 'oler', 'efecto', 'vacuna', 'ahorita', 'pff', 'muero', 'amor', 'oler', 'bebe', 'feliz', 'mundo', 'jabones', 'natural', 'jabon', 'bebe', 'gracias']",-99.1843501,19.3998346
131,"['apapacho', 'post', 'vacuna']",-99.1919955,19.357102
132,"['entender', 'relacion', 'gozo', 'placer', 'dolor', 'deporte', 'entrenar', 'gustar', 'madrugar', 'disfrutar', 'someter', 'masaje', 'descarga', 'muscular', 'tortura', 'why']",-99.1919955,19.357102
133,"['risco', 'vacuna', 'espera', 'sentir', 'rico']",-99.140238,19.2846922
134,"['maravilloso', 'escultura', 'pezera', 'moderna', 'bonito']",-99.140238,19.2846922
135,"['ojala', 'cansancio']",-99.067766,19.3668621
136,"['dosis', 'astrazeneca', 'asesina', 'noche', 'gente', 'bonito']",-99.259495,19.3863707
137,"['pastilla', 'gripa', 'flu', 'negocio', 'farmacia', 'vacunarte']",-99.118665,19.484399
138,"['duro', 'pendejo', 'lentitud', 'post', 'vacuna']",-99.1919955,19.357102
139,"['oficial', 'pasar', 'malestar', 'post', 'vacuna', 'astrazeneca', 'yei', 'calibramo', 'tomamo', 'paracetamol']",-99.2058092,19.2970107
140,"['gracias', 'don', 'luke', 'vacuna', 'salude', 'beso', 'vecino', 'puro', 'precaucion']",-99.1919955,19.357102
141,"['mame', 'pug', 'jalo', 'recio', 'pego', 'aire', 'saca', 'maldito', 'dosis', 'menor']",-99.1843501,19.3998346
142,"['vacuna', 'servir', 'mamon', 'don', 'pendejo', 'mes', 'queque', 'drogado', 'vacuna']",-99.1919955,19.357102
143,"['llegar', 'ebria', 'vacuna', 'pongame', 'doctora', 'merezco']",-99.1919955,19.357102
144,"['gerente', 'mariano', 'osario', 'loaded', 'despertando', 'noche', 'horror', 'vacuna', 'astrazeneca', 'potente', 'jajaja', 'afortunadamente', 'ahorita', 'sonar', 'born', 'deton', 'porno', 'fino']",-99.140238,19.2846922
145,"['respeto', 'paso', 'rifar', 'vacuna', 'vacuna', 'vagon', 'metro']",-99.259495,19.3863707
146,"['cazuela', 'vacuna', 'alma', 'hambre']",-99.1919955,19.357102
147,"['postrado', 'cama', 'postvacunacion', 'jaja']",-99.180678,19.444937
148,"['vecino', 'vacuna', 'humor', 'carton']",-99.128294,19.4043522
149,"['dosis', 'vacuna', 'calentura', 'fiebre']",-99.118665,19.484399
150,"['ayy', 'cay', 'quitar', 'piedra', 'calle', 'ayy', 'doler', 'cabeza', 'pegue', 'esquina', 'arreglar', 'foco', 'alumbra', 'ayy', 'gripe', 'estornudo', 'vecino', 'vacuna', 'venir', 'vacuna']",-99.118665,19.484399
151,"['enferma', 'gripa', 'tratamiento', 'semana', 'recuperare', 'tocar', 'vacuna', 'semana']",-99.140238,19.2846922
152,"['perro', 'hermana', 'sobrino', 'adolescente', 'contagiaron', 'vacuna', 'sintoma', 'severo', 'cachorrito', 'mes', 'estornudo', 'gripa']",-99.1843501,19.3998346
153,"['tocar', 'atender', 'reaccion', 'post', 'vacuna']",-99.180678,19.444937
154,"['campo', 'contrario', 'nomas', 'ahorita']",-99.1919955,19.357102
155,"['tiau', 'anti', 'vacuna', 'exageraron', 'siglo', 'xxi', 'temer', 'inoculacion', 'inundar', 'grupo', 'foto', 'familiar', 'logico', 'deber', 'parar', 'robar', 'alma', 'poderoso', 'too']",-99.1919955,19.357102
156,"['ano', 'siglo', 'anotara', 'janssen', 'quedar', 'caliente', 'viable', 'anote', 'gol', 'rayado', 'lunes', 'mori', 'lesionado', 'janssen', 'caliente', 'traer', 'bajada']",-99.1843501,19.3998346
157,"['vacuna', 'astrazeneca', 'malo', 'quejar', 'brazo', 'doler', 'minuto', 'maldicion']",-99.1843501,19.3998346
158,"['tocar', 'sputnik', 'incomodidad', 'dolor brazo', 'duro', 'esperar', 'leve']",-99.2058092,19.2970107
159,"['crear', 'manzana', 'auxiliar', 'vacuna', 'vecino', 'apuntaria']",-99.2058092,19.2970107
160,"['insomnio', 'muero', 'cansancio', 'llego', 'cama', 'apretaran', 'boton', 'encendido', 'cerebro', 'consejo', 'cama', 'habitacion', 'contar', 'semilla', 'leer', 'libro', 'papel', 'regresar', 'cama', 'regresar', 'sueno']",-99.1600234,19.152878
161,"['privilegio', 'intelectual', 'organico', 'impresentable', 'trasero', 'cola', 'hora', 'vacuna', 'rematar', 'pregunta', 'sorna', 'facil']",-99.140238,19.2846922
162,"['chavoruco', 'area', 'esperar', 'post', 'vacuna', 'timbiriche', 'activar']",-99.1508609792346,19.446844052015468
163,"['pasar', 'hype', 'facil', 'modos', 'cosa', 'anote', 'vacuna', 'entender']",-99.1919955,19.357102
164,"['menciona', 'pasaporte', 'pasar', 'extranjero', 'curiosidad', 'fila', 'hermana', 'chica', 'hablar', 'espanol', 'vacuna', 'entender']",-99.1600234,19.152878
165,"['porno', 'vivo', 'hijole', 'papas', 'hermanito', 'vacuna']",-99.140238,19.2846922
166,"['jajaja', 'traer', 'vacuna', 'venir', 'dosis', 'volver', 'abstinencia', 'rico', 'bebida', 'cebada']",-98.967727,19.158446
167,"['tocar', 'dosis', 'infalible', 'astrazeneca', 'hora', 'meriendo', 'gana', 'entrar', 'vodka', 'invadir', 'ucrania']",-99.1839571,19.3414625
168,"['recomiendo', 'tome', 'captura', 'numero', 'marques', 'reportar', 'numero', 'vacuna', 'aca']",-99.1843501,19.3998346
169,"['mirar', 'chillon', 'fila', 'clima', 'siento', 'sufre', 'agradecido', 'deberia', 'vacuna', 'hipocrita', 'sufro', 'aguado']",-99.140238,19.2846922
170,"['bonito', 'mix', 'vacuna']",-99.140238,19.2846922
171,"['ay', 'vacuna', 'duro']",-99.1843501,19.3998346
172,"['vacuna', 'frio']",-99.128294,19.4043522
173,"['estimado', 'hector', 'escuchar', 'deportivo', 'xochimilco', 'pesado', 'joven', 'vacuna', 'derecho', 'vacuna', 'presumir', 'senora', 'shimau']",-99.1919955,19.357102
174,"['oferta', 'promocion', 'profesion', 'traemo', 'bonito', 'pose', 'yoga', 'aliviara', 'demonio', 'vida', 'moderna']",-98.989059,19.372499
175,"['pendejo', 'gustar', 'chiquito', 'caramba', 'mama', 'vacuna', 'estupidez', 'desinformar', 'informate']",-99.2058092,19.2970107
176,"['demostrar', 'fila', 'alcoholico', 'genocida', 'presidente', 'historia', 'moderna', 'necedad', 'recuperar', 'perder', 'echar', 'andar', 'funesto', 'legado']",-99.259495,19.3863707
177,"['anciano', 'deber', 'jubilar', 'crear', 'conflicto', 'vacuna', 'astrazeneca', 'esperar', 'milagro', 'cerrar', 'boca']",-99.2058092,19.2970107
178,"['entender', 'foto', 'previo', 'post', 'vacuna']",-99.1843501,19.3998346
179,"['tonteria', 'tiro', 'puerta', 'chiva', 'hacios', 'jugar']",-99.259495,19.3863707
180,"['noticia', 'ami', 'chamba', 'regalar', 'dosis', 'white', 'chaparra', 'combatir', 'insomnio', 'tom', 'ora', 'nomas', 'pasen', 'tip', 'fumar', 'mimir']",-99.1919955,19.357102
181,"['justo', 'imaginar', 'escuchar', 'medicina', 'ileso', 'cancer', 'presidente', 'vacuna', 'nino', 'seguramente', 'dolor', 'presidente', 'quitar', 'sueno', 'satanas', 'encarnado']",-99.1843501,19.3998346
182,"['noche', 'tirada', 'fiebre', 'vacuna', 'alguien']",-99.1843501,19.3998346
183,"['papas', 'vacuna', 'alivio', 'alma']",-99.259495,19.3863707
184,"['ojala', 'morir', 'vacuna']",-99.259495,19.3863707
185,"['post', 'vacuna', 'doler', 'brazo', 'fiebre', 'vacuna']",-99.118665,19.484399
186,"['regreso', 'vacunada', 'proceso', 'durar', 'veinte', 'minuto', 'agil', 'chance', 'reposar', 'ratito', 'dolor brazo', 'moderna', 'vacunacionanticovid']",-99.118665,19.484399
187,"['experiencia', 'vacuna', 'pasar', 'realmente']",-99.1919955,19.357102
188,"['jajajaja', 'vacuna', 'ligar', 'fila']",-99.1600234,19.152878
189,"['cafecito', 'chocolate', 'frio', 'vacuna']",-99.1919955,19.357102
190,"['vacuna', 'astrazeneca', 'seneca', 'especimen', 'presentar', 'fiebre', 'mantener', 'alimentar', 'hidratado', 'presentar', 'dolor brazo', 'sueno', 'mover', 'pique', 'varita', 'seguir', 'vivo']",-99.180678,19.444937
191,"['nomas', 'falta', 'digas', 'vacuna', 'chip', 'tocino', 'digas', 'cafe', 'bebida', 'gustar']",-99.1843501,19.3998346
192,"['porcentaje', 'vacuna', 'implementado', 'preocupar', 'salten', 'fila', 'risa']",-99.1843501,19.3998346
193,"['agarrar', 'administracion', 'noche', 'gente', 'aya', 'vacuna', 'sano', 'juicio', 'recordara', 'pesimo', 'partido', 'lleno', 'puras', 'trenza']",-99.140238,19.2846922
194,"['comentar', 'orden', 'vacuna', 'justo', 'adulto', 'parado', 'sol', 'pensar']",-99.2058092,19.2970107
195,"['epi', 'vacuna', 'aire', 'conspiracion', 'cia', 'cerro', 'cia', 'monterrey']",-99.180678,19.444937
196,"['reportar', 'tradicional', 'torto', 'tamal', 'after', 'dosis', 'astrazeneca', 'amable', 'noche']",-99.19772386550903,19.425040206309205
197,"['vecino', 'esperar', 'cansancio']",-99.1843501,19.3998346
198,"['sencillo', 'estimar', 'vacuna', 'contagia', 'sintoma', 'curar', 'casa', 'sintoma', 'leve', 'vacuna', 'hospital', 'consumir', 'cama', 'recurso', 'quedar', 'casa', 'morir', 'escoge']",-99.140238,19.2846922
199,"['deber', 'admitir', 'epoca', 'mamon', 'alzar', 'brazo', 'observacion', 'post', 'vacuna', 'vacuna']",-99.259495,19.3863707
200,"['entender', 'teoria', 'valortrabajo', 'refutacion', 'austriaco', 'dosis', 'pediatrico', 'entender', 'pito']",-99.0693801,19.198192
201,"['aprovechanding', 'compartir', 'sintoma', 'tuberculosis', 'tos', 'llemo', 'semana', 'fiebre', 'cansancio', 'unico', 'sintoma', 'sintoma', 'centro', 'salud', 'cercano', 'pedir', 'baciloscopia', 'gratis']",-99.180678,19.444937
202,"['kit', 'venir', 'vacuna', 'perro', 'documento', 'pendejo', 'audifono', 'agua', 'outfit', 'chulo', 'andar', 'fresco', 'fila', 'arme', 'mision', 'jajaja', 'choro', 'traiganme', 'gorra', 'mota', 'importante', 'opcional']",-99.137171,19.375769
203,"['canto', 'victoria', 'seguir', 'fuerte', 'dolor brazo', 'hipotesis', 'reaccion', 'moderna', 'principal', 'robot']",-99.118665,19.484399
204,"['quedar', 'dormida', 'cansancio', 'bonito', 'perder', 'tuiterland']",-99.1843501,19.3998346
205,"['resena', 'llegar', 'campo', 'marte', 'escuchar', 'fondo', 'rebelde', 'gris', 'estilo', 'malucci', 'moderado', 'inalcanzable', 'disponer', 'recibir', 'vacuna', 'dolio']",-99.259495,19.3863707
206,"['puse', 'gustar', 'gustar', 'cuidado', 'contagie', 'positivo', 'doctora', 'lauro', 'liro', 'auscultar', 'recetar', 'medicamento', 'excelente', 'doctora', 'aislado', 'sintoma', 'leve', 'gripa', 'dosis', 'refuerzo', 'astrazeneca', 'bye']",-99.1843501,19.3998346
207,"['chale', 'plan', 'salvacion', 'viejito', 'basicamente', 'vacuna', 'volar', 'servir', 'nomas', 'piquen', 'pendejo', 'gracias']",-99.1843501,19.3998346
208,"['sentir', 'calor', 'molesto', 'dolor muscular', 'cansancio', 'ejercicio']",-99.2058092,19.2970107
209,"['justo', 'preocupar', 'vacuna', 'regresar']",-99.180678,19.444937
210,"['tatuada', 'tatuada', 'vengo', 'dosis', 'brazo', 'tenso']",-99.137171,19.375769
211,"['tumbado', 'cama', 'fiebre', 'dolor cuerpo', 'cansancio', 'vacuna', 'pasar', 'esposa', 'vacuna']",-99.1919955,19.357102
212,"['muerto', 'seguir', 'falleciendo', 'vacuna', 'leve', 'sintoma', 'doler', 'alguien', 'gobierno', 'inepto', 'falta', 'huevo', 'orden', 'muerto']",-99.1919955,19.357102
213,"['dosis', 'cancer', 'dosis', 'pegar', 'durito', 'dosis', 'fiebre', 'poquito', 'fiebre', 'cansancio', 'ignoro', 'vengo', 'cansado', 'af', 'viaje']",-99.1919955,19.357102
214,"['gracias', 'presidente', 'tocar', 'vacuna', 'mama', 'organizado', 'amable', 'gracias', 'gracias', 'gracias']",-99.2058092,19.2970107
215,"['porno', 'urgido', 'deber', 'pasar', 'chingo', 'madre', 'afuera', 'vender', 'certificado', 'vacuna']",-99.140238,19.2846922
216,"['mercado', 'vacuna', 'experiencia', 'creer']",-99.259495,19.3863707
217,"['mame', 'janssen', 'maldicion', 'normal', 'pasen']",-99.259495,19.3863707
218,"['blabla', 'mirar', 'frita', 'varas', 'ora', 'pusieran', 'evidencio', 'serio', 'entender', 'alguien', 'decidir', 'vacuna', 'respetar', 'yoy', 'perfil', 'dato', 'cuestionable']",-99.259495,19.3863707
219,"['anti', 'vacuna', 'vacuna', 'perrito', 'gatito', 'parvovirus', 'vibrando', 'alto', 'libran']",-99.1919955,19.357102
220,"['soplaba', 'cartuchos', 'yes', 'funcionaran', 'diganme', 'formo', 'vacuna', 'porno', 'caotico']",-99.140238,19.2846922
221,"['ocupo', 'toma', 'temperatura', 'post', 'vacuna']",-99.118665,19.484399
222,"['ahh', 'orale', 'trago', 'sano', 'andar', 'hablar', 'idiota', 'vacuna', 'vives', 'andas', 'evitar', 'viejoridiculo']",-99.1843501,19.3998346
223,"['denise', 'comi', 'persona', 'cuerpo', 'afecto', 'pusiste', 'vacuna', 'comi', 'cuidate', 'bonito']",-99.140238,19.2846922
224,"['usen', 'mascara', 'contaminacion', 'aire', 'provocar', 'depresion', 'migrana', 'cansancio']",-99.259495,19.3863707
225,"['gracias', 'pinche', 'metformina', 'deshacer', 'panza', 'nomas', 'consistente', 'doler', 'horrible', 'comi', 'pastel', 'soporte', 'endocrinologo', 'tolero', 'bajar', 'mitad', 'dosis', 'sentir']",-99.2058092,19.2970107
226,"['recuerdo', 'viejito', 'salir', 'manana', 'tv', 'prohibiria', 'politico', 'vacuna', 'covid', 'eleccion', 'preocupar', 'perder']",-99.180678,19.444937
227,"['visitante', 'vacuna', 'cum', 'empatico', 'vecino', 'estacionar', 'calle', 'aledana', 'esquino', 'porton']",-99.1919955,19.357102
228,"['lillian', 'sufrir', 'cansancio', 'futbolista', 'mental', 'solido', 'ajustar', 'futbolistico', 'preocupar', 'pumas']",-99.137171,19.375769
229,"['quitar', 'familia', 'moderna', 'neelix']",-99.140238,19.2846922
230,"['vacuna', 'papas', 'dolor cuerpo', 'cansancio']",-99.1919955,19.357102
231,"['antonio', 'hoguera', 'morir', 'infarto', 'respeto', 'cuestione', 'vacuna', 'covid', 'tratar', 'relacionar', 'muerte', 'hoguera', 'vacuna', 'sonar', 'fanatismo', 'respeto', 'noche']",-99.2058092,19.2970107
232,"['negocio', 'casa', 'persona', 'gustar', 'entrar', 'cubrebocas', 'gel', 'antibacterial', 'vacuna', 'jerga', 'alcohol', 'puse', 'bastar', 'panico', 'piedad']",-99.1919955,19.357102
233,"['gustar', 'maldito', 'cursileria', 'jajajajajajajajajaja', 'feliz', 'bendecido']",-99.137171,19.375769
234,"['inconformismo', 'emocional', 'pedir', 'cama', 'ritual', 'cielo', 'micro', 'dosis', 'abrazar', 'sello', 'indeleble', 'amistad', 'frio']",-99.1919955,19.357102
235,"['pus', 'vacuna', 'cubrebocas', 'ande', 'pendejo']",-99.259495,19.3863707
236,"['vincent', 'janssen']",-99.1919955,19.357102
237,"['sintoma', 'post', 'vacuna']",-99.067766,19.3668621
238,"['experimental', 'menospreciar', 'vacuna', 'vacuna', 'insegura', 'ineficaz', 'mirar', 'grafico']",-99.1919955,19.357102
239,"['vayamos', 'dosis', 'km', 'aire', 'limpio', 'pista', 'vivero', 'coyoacan']",-99.171613,19.3545156
240,"['noticiero', 'mediodia', 'caer', 'cama', 'senorito', 'reporta', 'robar', 'camioneta', 'anciano', 'vacuna', 'llegar', 'incendio', 'subestacion', 'entusiasmo', 'comunicadora', 'desbordar', 'reportar', 'desgracia', 'excelente', 'ta', 'transformacion']",-99.1919955,19.357102
241,"['vacuna', 'miercoles', 'sintoma', 'reaccion', 'nausea', 'dolor cuerpo', 'cabeza', 'cansancio', 'generalizado', 'amaneci']",-99.1843501,19.3998346
242,"['amigo', 'vacuna', 'leer', 'don', 'garcia', 'morir']",-99.1919955,19.357102
243,"['recuerdo', 'minuto', 'ano', 'siglo', 'xxi', 'recuerdo', 'pelicula', 'leyenda', 'mundo', 'convertir', 'zombie', 'causa', 'vacuna', 'fallido']",-99.259495,19.3863707
244,"['nomas', 'falta', 'vacuna', 'piramide', 'palo', 'leds', 'fluorescente']",-99.1919955,19.357102
245,"['payaso', 'vacuna', 'encantar', 'calle', 'gracias']",-99.2058092,19.2970107
246,"['pregunta', 'sabre', 'tocar', 'vacuna', 'lista', 'caso', 'madre', 'camina', 'acostar', 'cama', 'sacar', 'ojala', 'conteste', 'asesor', 'gracias']",-99.137171,19.375769
247,"['duro', 'golpe', 'hacias', 'perder', 'torneo']",-99.1843501,19.3998346
248,"['doctora', 'leonoro', 'milan', 'responsable', 'voyconleo', 'convoy', 'esperar', 'encontrar', 'contexto', 'pregunta', 'control', 'vacuna', 'cansino', 'vacuna', 'andar', 'rumor', 'vacuna', 'saludo']",-99.1919955,19.357102
249,"['falto', 'gracias', 'vacuna', 'janssen', 'presidente', 'joe', 'abuelo', 'salir', 'reverencia', 'sombreo']",-99.137171,19.375769
250,"['perdono', 'nombre', 'esperar', 'sintoma', 'pasen', 'rapido', 'descansar', 'besito']",-99.2058092,19.2970107
251,"['cara', 'deliciosamente', 'suculento', 'frio', 'cagadita', 'recuerdo', 'falta', 'cumplir', 'vacuna', 'pasar', 'borrachincanayin', 'vacunacioncovid']",-99.0693801,19.198192
252,"['apuesta', 'don', 'menso', 'traer', 'video', 'nota', 'periodico', 'quitemo', 'vacuna', 'sputnik', 'enero', 'mes', 'traer', 'cerrar', 'oceano', 'mes']",-99.1919955,19.357102
253,"['pecado', 'bonito', 'costumbre', 'vicio', 'omite', 'sindrome', 'abstinencia', 'sencillo', 'duplicas', 'dosis']",-99.128294,19.4043522
254,"['quejando', 'martir', 'fila', 'vacuna', 'animadas', 'fila', 'entrar', 'hop']",-99.1919955,19.357102
255,"['tome', 'rico', 'bano', 'jabon', 'olor', 'vainilla', 'escuchar', 'cancion', 'bonita', 'desayunar', 'vacuna', 'especial']",-99.2058092,19.2970107
256,"['post', 'vacuna', 'covid', 'traigo', 'mialgia', 'artralgio', 'paracetamol', 'amigo', 'pichula', 'crecer', 'cm']",-99.1843501,19.3998346
257,"['venir', 'arreglado', 'vacuna', 'acaso', 'hombre', 'bonito']",-99.1600234,19.152878
258,"['levantar', 'mano', 'vacuna', 'paracetamol', 'doler', 'cabeza']",-99.1919955,19.357102
259,"['bonito', 'feliz', 'pesado', 'imperfecto', 'risa', 'sacrificio', 'cambio', 'lagrimo', 'felicidad', 'cansancio']",-99.1976427,19.4264172
260,"['senor', 'presidente', 'vacuna', 'refuerzo', 'sali', 'positivo', 'comer', 'complicacion', 'leve', 'gripe']",-99.180678,19.444937
261,"['oigan', 'alguien', 'ligo', 'fila', 'vacuna']",-99.128294,19.4043522
262,"['doler', 'vacuna', 'cosa', 'ensayar', 'vacuna']",-99.259495,19.3863707
263,"['pregunta', 'serio', 'vacuna', 'astrazeneca', 'dolor cabeza', 'alguien', 'secuela', 'parecido']",-99.140238,19.2846922
264,"['vecino', 'alguien', 'vacuna', 'semana']",-99.137171,19.375769
265,"['gaga', 'molestar', 'moderna', 'jazz', 'dejenla', 'feliz', 'carrera', 'bad', 'romance', 'just', 'dance', 'entretangan']",-99.1843501,19.3998346
266,"['logre', 'tontito', 'fiebre', 'cansancio', 'muscular', 'salir', 'amante', 'necesitar', 'pin', 'jajaja']",-99.1843501,19.3998346
267,"['bonito', 'cosa', 'mexico', 'faltamo', 'persona', 'vacuna', 'eh', 'ele', 'olvidar', 'candiles', 'calle', 'oscuridad', 'casa']",-99.140238,19.2846922
268,"['falso', 'vacuna', 'doler', 'temperatura', 'gracias']",-99.140238,19.2846922
269,"['don', 'cha', 'vida', 'moderna', 'acopla', 'venir', 'alma', 'viejo', 'viejiiiisima']",-99.140238,19.2846922
270,"['nivel', 'experto', 'topologia', 'chapuzon', 'senadora', 'lastimo', 'risa', 'amor', 'closed', 'gatell', 'bateado', 'hablar', 'vacuna']",-99.259495,19.3863707
271,"['promesa', 'anotar', 'janssen', 'pd', 'ta', 'cab', 'comidilla', 'capacidad', 'anotar']",-99.1843501,19.3998346
272,"['jajaja', 'vacuna', 'afectar', 'gracias', 'decirmelo']",-99.1843501,19.3998346
273,"['historia', 'miedo', 'persona', 'perder', 'encontrado', 'accion', 'poetica', 'moderna', 'poesia', 'mexico', 'desconocido']",-99.18808937,19.43803863
274,"['bonito', 'tipo', 'cabalgar', 'ando', 'dolor muscular', 'trailera']",-99.259495,19.3863707
275,"['gracias', 'senor', 'presidente', 'vacuna', 'comi', 'cumplio', 'bendiciones']",-99.137171,19.375769
276,"['astrazeneca', 'compadre', 'hablar', 'fila', 'kilometro', 'vacuna', 'escribeme', 'privado']",-99.1919955,19.357102
277,"['marcar', 'janssen', 'anotar']",-99.1919955,19.357102
278,"['salgo', 'calle', 'vacuna', 'veras', 'miedo', 'vacuna']",-99.1843501,19.3998346
279,"['dolor cuerpo', 'pinche', 'vacuna', 'perra']",-99.137171,19.375769
280,"['vacuna', 'brutal', 'frio', 'matutino', 'jaja', 'esperar', 'efecto', 'astrazeneca']",-99.1919955,19.357102
281,"['preocupar', 'don', 'pendejo', 'nomas', 'vacuna', 'parvovirus', 'retractar', 'mamon']",-99.1919955,19.357102
282,"['daban', 'gana', 'levantar', 'cama', 'dolor articular']",-99.1919955,19.357102
283,"['moderna', 'dolor brazo', 'dosis', 'dolor cabeza']",-99.259495,19.3863707
284,"['habemus', 'podcast', 'pasen', 'echale', 'oreja', 'quedo', 'buenazo', 'platicamo', 'training', 'camp', 'carson', 'went', 'vacuna', 'colt', 'indianapolis', 'for', 'the', 'shoe']",-99.137171,19.375769
285,"['billete', 'franco', 'suizo', 'homenaje', 'fisico', 'moderna', 'especial', 'fisico', 'moderna', 'reverso', 'resaltar', 'papel', 'cero']",-99.128294,19.4043522
286,"['dolor cuerpo', 'cansancio', 'dolor cabeza', 'nausea', 'mareos', 'fiebre', 'cambio', 'temperatura', 'bonito', 'reflexion', 'sentir', 'vacuna', 'experimentamos', 'mes', 'sam', 'existimo', 'cuidamos']",-99.2058092,19.2970107
287,"['criaturita', 'senor', 'go', 'atencion', 'opinar', 'vacuna', 'tirada', 'cama', 'literal', 'jaja', 'machine', 'covid']",-99.1332,19.4326
288,"['jugar', 'cheerleader', 'conspirano', 'vacuna', 'don', 'sasuke', 'nomas', 'moquillo']",-99.1919955,19.357102
289,"['venir', 'mente', 'senor', 'gracias', 'ninguneado', 'joven', 'prendiste', 'fuego', 'proceso', 'democratico', 'historia', 'moderna']",-99.2058092,19.2970107
290,"['queridisima', 'cris', 'excelente', 'transmision', 'feliz', 'escuchar', 'alfa', 'aplicaron', 'vacuna', 'astrazeneca', 'sintoma', 'cansancio', 'alegria', 'energia', 'noche', 'day', 'night', 'energy']",-99.118665,19.484399
291,"['sentir', 'pendeja', 'dosis', 'rezagada', 'pendejo', 'covid', 'conspiracion', 'pasar']",-99.1843501,19.3998346
292,"['falta', 'meme']",-99.1843501,19.3998346
293,"['chavos', 'vacuna', 'gracias', 'imbecil']",-99.2058092,19.2970107
294,"['madre', 'alternativa', 'moderna', 'mes', 'comentario', 'deber', 'pelo', 'man', 'bun', 'coleto', 'jajaja', 'paso', 'tratar', 'convencer', 'tatuaje', 'perforacion', 'juevesdesorpresa']",-99.259495,19.3863707
295,"['yahoo', 'answers', 'dolor muscular', 'post', 'ejercicio', 'matar', 'gente']",-99.1919955,19.357102
296,"['creer', 'aguantar', 'dolorfiebre', 'vacuna', 'gente', 'chingona', 'duro', 'resistente', 'pendejo', 'pastilla', 'quitar', 'malestar', 'interiorizado', 'chingon', 'sufrir']",-99.1843501,19.3998346
297,"['post', 'checado', 'juanito', 'lees', 'maman', 'camisa', 'especial', 'vida', 'moderna', 'rock']",-99.067766,19.3668621
298,"['pedo', 'vacuna', 'pendejo']",-99.2058092,19.2970107
299,"['ay', 'ay', 'comentario', 'partido', 'pumas', 'americo', 'andar', 'fiebre', 'tope', 'cortesia', 'dosis', 'pumas', 'cruz', 'azul', 'pue', 'andar', 'concierto', 'papis', 'prometer', 'prox', 'jornada', 'opinion']",-99.180678,19.444937
300,"['doler', 'cabeza', 'vacuna', 'mes']",-99.2058092,19.2970107
301,"['mama', 'chavos', 'disfrazado', 'vacuna']",-99.140238,19.2846922
302,"['cocina', 'moderna', 'jajaja']",-99.180678,19.444937
303,"['gustar', 'proceso', 'vacuna', 'fila', 'nivel', 'socialismo', 'fila', 'suegra', 'fifo', 'alcalino', 'pianista', 'veracruz', 'abuelita', 'sencillo', 'colonia', 'humilde']",-99.137171,19.375769
304,"['pendejo', 'pondre', 'vacuna']",-99.140238,19.2846922
305,"['jugar', 'aplicar', 'vacuna', 'diario', 'requerir', 'minuto', 'don', 'constanza', 'nomas', 'minuto', 'jarjar']",-99.1919955,19.357102
306,"['compro', 'nintendo', 'tacano', 'nintendo', 'clasico', 'funcion', 'consola', 'moderna', 'resentimiento']",-99.180678,19.444937
307,"['moderna', 'llorono', 'escatologico', 'despreciable', 'lindo', 'guapo', 'saludo', 'carita']",-99.1919955,19.357102
308,"['vacuna', 'don', 'lorenzo', 'fast', 'track', 'hora', 'fila', 'esperar']",-99.1919955,19.357102
309,"['acudi', 'cita', 'aplicado', 'vacuna', 'covid', 'sensacion', 'extranar', 'arrepiento', 'empatia', 'respeto', 'persona', 'pasar', 'terrible', 'padecimiento', 'vacuna', 'doler']",-99.137171,19.375769
310,"['covid', 'sintoma', 'vacuna', 'duro']",-99.1843501,19.3998346
311,"['jugar', 'janssen', 'amonestaron', 'increible', 'nulo', 'paisbajeno']",-99.1843501,19.3998346
312,"['ojala', 'vacuna', 'hora', 'necesidad', 'fila', 'gobierno', 'hora', 'vacuna']",-99.1919955,19.357102
313,"['volvi', 'amar', 'jugar', 'futbol', 'partido', 'dolor cabeza', 'ampollas', 'golpe', 'cansancio', 'valio', 'pinche', 'minuto', 'mexico', 'city', 'mexico']",-99.1332,19.4326
314,"['gordito', 'amigo', 'deseo', 'corazon', 'ano', 'sigo', 'llenar', 'alma', 'talento', 'energia', 'fantastico', 'gracias', 'musica', 'vacuna', 'alma', 'admirar', 'respeto', 'feliz', 'saludable', 'ano']",-99.259495,19.3863707
315,"['ah', 'ud', 'inyectara', 'vacuna', 'joto', 'maricon', 'hablar', 'entero', 'entender', 'bn', 'inyecte', 'aire', 'ey', 'tonta']",-99.1843501,19.3998346
316,"['semana', 'doler', 'estomago', 'ejercicio', 'dosis']",-99.067766,19.3668621
317,"['preocupar', 'romo', 'bajon', 'vacuna']",-99.1843501,19.3998346
318,"['llamar', 'chavos', 'rico', 'anciano', 'chicle', 'tocar', 'vacuna']",-99.1919955,19.357102
319,"['gotita', 'dosis', 'bajita', 'preocupar', 'sentir', 'ligeramente', 'relajado', 'mundo', 'ojala', 'servir']",-99.1919955,19.357102
320,"['persona', 'mencionar', 'denunciado', 'presidente', 'pato', 'senor', 'cansino', 'ordenar', 'investigar', 'sujeto', 'limpio', 'calle', 'barco', 'esmeralda', 'lograr', 'evidencio', 'persona', 'sorprendido', 'caja', 'co']",-99.1843501,19.3998346
321,"['estimado', 'don', 'pendejo', 'sigues', 'hocicon', 'eleccion', 'aplicaron', 'mil', 'dosis', 'preocupar', 'tocar', 'rancho']",-99.1919955,19.357102
322,"['rico', 'cansancio', 'laboral']",-99.140238,19.2846922
323,"['vacuna', 'telecomunicacion', 'vayanse', 'preparado', 'sol', 'literal', 'fila', 'km', 'entrar', 'adentro', 'rapido', 'esperar', 'suplicio']",-99.140238,19.2846922
324,"['daban', 'certificado', 'incapacidad', 'dolor muscular', 'venir']",-99.128294,19.4043522
325,"['dios', 'cuide', 'presidente', 'duda', 'vacuna', 'casilla', 'votar']",-99.1843501,19.3998346
326,"['vacuna', 'doler', 'cuerpo']",-99.1843501,19.3998346
327,"['ay', 'vacuna', 'bebe']",-99.1843501,19.3998346
328,"['terror', 'diagnostico', 'futbolista', 'errado', 'jj', 'trascender', 'lograr', 'leon', 'jugador', 'chiva', 'humildad', 'maldito', 'humildad', 'muero', 'hablar', 'contexto']",-99.259495,19.3863707
329,"['escuchar', 'negar', 'cerveza', 'vacuna', 'covid']",-99.180678,19.444937
330,"['preferiria', 'presidente', 'egoista', 'apanador', 'agarrado', 'veinte', 'vacuna', 'familia', 'chingado', 'lopez']",-99.1843501,19.3998346
331,"['desconozco', 'visitar', 'platico', 'locatario', 'mercado', 'moderna', 'caer', 'abril', 'vecino', 'carecer', 'falta', 'agua', 'semana', 'ojala', 'necesitar', 'escuche']",-99.1919955,19.357102
332,"['sheinbaum', 'gatell', 'clark', 'asus', 'mamacita', 'vacuna', 'sol', 'silla', 'rueda', 'servil', 'nacionsin', 'servicio', 'bodegon', 'sano', 'distancia', 'gentepues', 'teniamo', 'irno', 'cuentascomo', 'ganar', 'madreinutiles']",-99.1919955,19.357102
333,"['tecleando', 'cuidando', 'bebe', 'ringo', 'matt', 'sexto', 'visita', 'veterinario', 'semana', 'hospitalizacion', 'canalizacion', 'inyeccion', 'dosis', 'pastilla', 'suspension', 'humor', 'bebe', 'lidiar', 'calle', 'guerrero']",-99.140238,19.2846922
334,"['ando', 'vacuna', 'alergia', 'despierto', 'garganta', 'super', 'seco', 'incomodo', 'recuerdo', 'respirar', 'incomodidad', 'quitar']",-99.1919955,19.357102
335,"['jazz', 'cubano', 'excelencia', 'bolero', 'feeling', 'transformar', 'musical', 'isla', 'innovadora', 'propuesta', 'musical', 'puente', 'cuba', 'mandona', 'musicalidad', 'moderna', 'perspectiva', 'origen', 'afroworldtour', 'noche', 'habana', 'jazzlatino', 'bolerofeeling']",-99.1919955,19.357102
336,"['gallito', 'rola', 'duro', 'gallo', 'chuto', 'cafecito', 'escuchar', 'apache', 'desmantelo', 'dosis', 'hydro', 'gallito', 'rola']",-99.128294,19.4043522
337,"['maldad', 'fuerte', 'pendejo', 'cassio', 'culero', 'hiv', 'robarian', 'vacuna']",-99.2058092,19.2970107
338,"['tratar', 'abuelo', 'abuela', 'salgan', 'calle', 'contagien', 'covid', 'salir', 'vacuna', 'experiencia']",-98.967727,19.158446
339,"['simple', 'vecino', 'gente', 'vacuna', 'bj', 'mostrar']",-99.1919955,19.357102
340,"['doctora', 'pusiste', 'situacion', 'gustar', 'youtube', 'cuestionada', 'interno', 'vacuna', 'explicar', 'agredir', 'suceder', 'rs']",-99.1843501,19.3998346
341,"['encantar', 'lindo', 'mensaje', 'saludo', 'feliz', 'pasen', 'lindo', 'cuiden', 'salud', 'vacuna', 'usen', 'cubrebocas', 'linda']",-99.118665,19.484399
342,"['cansancio', 'acumulado', 'bebe', 'gracias']",-99.259495,19.3863707
343,"['verga', 'olvidar', 'encontrar', 'gen', 'anti', 'humano', 'volaticenlo', 'causa', 'trombosis', 'servir', 'reptil', 'retienen', 'vacuna', 'mercado', 'esperar', 'vacuna', 'ruso', 'activo']",-99.118665,19.484399
344,"['wey', 'astrazeneca', 'pata', 'recomiendo', 'febril', 'sputnik', 'rico', 'jajaja']",-99.2058092,19.2970107
345,"['pendejo', 'jajajaja', 'vacuna']",-99.140238,19.2846922
346,"['gracias', 'dosis', 'intenso', 'dolor brazo', 'noche', 'tome', 'prevenir', 'tomare', 'paracetamol']",-99.180678,19.444937
347,"['wey', 'entender', 'grabar', 'video', 'vacuna', 'doctora', 'pedir', 'grabando', 'viejapayasa']",-99.1919955,19.357102
348,"['nel', 'unico', 'vacuna', 'efecto']",-99.140238,19.2846922
349,"['jugar', 'partido', 'semana', 'jugar', 'morir', 'cansancio', 'sueno']",-99.180678,19.444937
350,"['shampoo', 'sulfato', 'pararemo', 'cabello', 'crecer', 'quito', 'frizz', 'amp', 'bebe']",-99.118665,19.484399
351,"['viernes', 'whisky', 'post', 'vacuna']",-99.1919955,19.357102
352,"['extranjero', 'vacuna', 'regresar', 'pasi', 'pedir', 'certificado', 'digital', 'fisico', 'cuerpo', 'provisional', 'obtener', 'gracias']",-99.1843501,19.3998346
353,"['amiga', 'live', 'mito', 'vacuna', 'wey', 'pezera', 'simon', 'cabeza', 'wey', 'cagan', 'don', 'pendejo', 'regresar']",-99.180678,19.444937
354,"['leo', 'vacuna', 'probadoentonce', 'ojala', 'empatico', 'pinche', 'testeo', 'animal', 'vacuna', 'bonito', 'experimento', 'pedo', 'mirar', 'sabremos', 'sentir', 'ratita', 'ano', 'vacuna']",-99.259495,19.3863707
355,"['noche', 'frio', 'cansancio', 'dolor pierna', 'dolor brazo', 'inyeccion', 'brazo', 'duermo', 'dolio', 'recargar']",-99.1919955,19.357102
356,"['doler', 'bracito', 'maldito', 'vacuna']",-99.2058092,19.2970107
357,"['imaginan', 'partido', 'anote', 'vincent', 'janssen']",-99.1843501,19.3998346
358,"['esperate', 'vacuna', 'batracio', 'intrapiernosame', 'doler', 'gustar', 'sapito', 'feliz']",-98.989059,19.372499
359,"['sentir', 'comunicar', 'batea', 'desagradable', 'dosis', 'pfizer', 'creer', 'importar', 'fiebre', 'cuerpo', 'cortar', 'vacuna', 'vital', 'aguanten', 'cuerpo', 'recuperara', 'venir', 'finde', 'comunicado']",-99.259495,19.3863707
360,"['desesperacion', 'reportera', 'entender', 'bernard', 'ramirez', 'ruega', 'indigena', 'sierra', 'chihuahua', 'desamparados', 'contesto', 'frase', 'reiterativa', 'cansancio', 'senor', 'presidente', 'respeto']",-99.2058092,19.2970107
361,"['oposicion', 'facil', 'desestimar', 'elevamo', 'discusion', 'sras', 'histerico', 'critica', 'elaborado', 'esp', 'discutamo', 'pregunta', 'preferir', 'andar', 'vacuna', 'cuidar', 'porno', 'tvs']",-99.1843501,19.3998346
362,"['moderna', 'nomas', 'colita', 'avenida', 'cambiar']",-99.1919955,19.357102
363,"['puras', 'payasada', 'exaltada', 'senora', 'navidad', 'necia', 'vacuna', 'falta', 'avisen', 'caleb', 'wallace']",-99.118665,19.484399
364,"['aprender', 'meta', 'alguien', 'cama', 'maestro', 'fisico', 'quimico', 'moderna', 'demostrar', 'aprender', 'tesis', 'cuerpo', 'expanden', 'energia', 'transformar', 'calor', 'dilata', 'luz', 'proporcional', 'caricia']",-99.259495,19.3863707
365,"['dosis', 'doler', 'espurio']",-99.180678,19.444937
366,"['live', 'stream', 'cansancio', 'patente', 'significado', 'hora', 'cafe', 'prolongado']",-99.140238,19.2846922
367,"['sintoma', 'post', 'vacuna', 'permanente', 'senasicamente']",-99.169292,19.403665
368,"['dispenseme', 'sincero', 'unico', 'programacion', 'gustar', 'mago', 'herrero', 'precisamente', 'pandemia', 'voz', 'mortecinar', 'deprimia', 'pasar', 'minuto', 'repitiendo', 'oir', 'mil', 'deprimente', 'ritmo', 'cansino']",-99.067766,19.3668621
369,"['nomas', 'tinder', 'vacuna']",-99.1600234,19.152878
370,"['sorry', 'banaste', 'pregunta', 'post', 'vacuna', 'duda']",-99.1843501,19.3998346
371,"['cuento', 'viernes', 'puse', 'vacuna', 'senti', 'noche', 'porsiandabanconelpendiente', 'findelcomunicado', 'gracias', 'cuidarme']",-99.259495,19.3863707
372,"['confirmar', 'dosis', 'vacuna', 'regresar', 'guardia', 'nomas', 'fiebre']",-99.1919955,19.357102
373,"['odio', 'dolor muscular', 'hombro']",-99.140238,19.2846922
374,"['requerir', 'sabiondo', 'pizarra', 'romo', 'venir', 'ritmo', 'janssen', 'lesion', 'agarrar', 'rogelio', 'marco', 'cerrado', 'requerir', 'apoyo', 'vasco', 'ajusto', 'minuto', 'juego', 'pagar', 'solucionar', 'potencialidad', 'profesional']",-99.128294,19.4043522
375,"['poquito', 'vacuna', 'acumular', 'semana', 'malo', 'presidente', 'mundo', 'paramo', 'seguir', 'seguir']",-99.259495,19.3863707
376,"['comenzar', 'epoca', 'vecino', 'pintoresca', 'colonia', 'moderna', 'adornan', 'bonito', 'casa', 'escrito', 'adornar', 'puro', 'gasto', 'publico']",-99.1919955,19.357102
377,"['fuerte', 'calosfrios', 'doler', 'cuello', 'traer', 'vacuna']",-99.259495,19.3863707
378,"['desayunacion', 'casino', 'militar', 'campo', 'marte', 'vacuna', 'excelente', 'querido', 'camarada', 'chase', 'borla', 'saco', 'pus', 'parada', 'perder', 'bonito', 'costumbre', 'mandar', 'pertenecer']",-99.196245,19.423484
379,"['efecto', 'gatell', 'declarar', 'cansancio', 'semaforo', 'rojo', 'teniente', 'tornasol', 'naranja', 'amarillo', 'color', 'presidente', 'unico', 'color']",-99.180678,19.444937
380,"['mirar', 'amiguis', 'vacuna', 'jeje']",-99.2058092,19.2970107
381,"['doctora', 'salir', 'covid', 'leve', 'deber', 'esperar', 'vacuna', 'gracias']",-99.140238,19.2846922
382,"['gente', 'vacuna', 'morir', 'ojala', 'dinamarca', 'vacuna', 'mes', 'iniciado', 'proceso', 'gente', 'choca', 'formar', 'bailen', 'piquete', 'doler', 'ojala', 'muerto', 'preguntar', 'enfrentar', 'problema', 'real']",-99.1919955,19.357102
383,"['pensionado', 'vacuna', 'doler']",-99.1919955,19.357102
384,"['comenzar', 'vacuna', 'persona', 'chavoruco', 'venir', 'ronda', 'triton', 'chavos']",-99.1919955,19.357102
385,"['copa', 'vacaciones', 'facil', 'vacuna']",-99.259495,19.3863707
386,"['pregunta', 'mama', 'vacuna', 'caminar', 'parada', 'inscribir', 'registro', 'hablar', 'comentar', 'situacion', 'agradecer', 'respuesta']",-99.2058092,19.2970107
387,"['hablar', 'metro', 'hablar', 'metro', 'ahorita', 'vacuna', 'vacuna', 'peritaje', 'duran', 'mes']",-99.2058092,19.2970107
388,"['pobrecito', 'ojala', 'man', 'vacuna', 'eutanasia']",-99.180678,19.444937
389,"['oficina', 'melhor', 'campo', 'citar', 'cerrar', 'vacuna', 'sp', 'llamar', 'fernando', 'cerrar', 'puerta', 'cara', 'manoseando']",-99.2058092,19.2970107
390,"['preocupar', 'vacuna', 'salir', 'abrazar', 'vecino']",-99.1919955,19.357102
391,"['janssen', 'fallar']",-99.180678,19.444937
392,"['tratame', 'bonito', 'moderna']",-99.2653477191925,19.369535045711984
393,"['pandilla', 'jovenazo', 'reunion', 'calle', 'guardar', 'sano', 'distancia', 'suponer', 'vacuna']",-99.180678,19.444937
394,"['corto', 'experiencia', 'proceso', 'recibir', 'vacuna', 'exactamente', 'corto', 'vigilar', 'paso', 'proceso', 'insistir', 'formemo', 'juicio', 'sumario', 'ligero']",-99.1919955,19.357102
395,"['constar', 'vivo', 'benito', 'pinche', 'presidente', 'encantaba', 'venir', 'inicio', 'curso', 'chino', 'policia', 'pasabas', 'perro', 'pateaban', 'cerrar', 'pinche', 'calle', 'vacuna', 'nota']",-99.1843501,19.3998346
396,"['vacuna', 'nivel', 'johannes', 'paulus', 'buenonuncameno', 'vacuna', 'jarjar', 'jugar', 'don', 'pendejo', 'vacuna', 'seguro', 'referir', 'moquillo']",-99.1919955,19.357102
397,"['oigan', 'bonito', 'vacuna', 'hablar', 'feo', 'cabeza', 'juarez', 'vacuna', 'fes', 'zaraza']",-99.259495,19.3863707
398,"['cansancio', 'cronico', 'vengo', 'manejando', 'obamo']",-99.1919955,19.357102
399,"['bonito', 'hermoso', 'alcaldia', 'benito', 'juarez', 'fila', 'vacuna']",-99.1843501,19.3998346
400,"['policia', 'plastico', 'fila', 'vacuna', 'chingo']",-99.140238,19.2846922
401,"['brinco', 'arriesgado', 'temeroso', 'mente', 'revelador', 'religion', 'salto', 'vacio', 'macro', 'dosis', 'humildad', 'lucidez', 'grande', 'ego', 'doler', 'hablar']",-99.1843501,19.3998346
402,"['vacuna', 'super', 'planeado', 'sano', 'distancia', 'concentracion', 'gente', 'horario', 'asignado', 'apellido']",-99.1843501,19.3998346
403,"['vacuna', 'influenza', 'epoca', 'frio', 'dejate', 'venir', 'nochieto']",-99.1843501,19.3998346
404,"['covid', 'leve', 'mes', 'molestia', 'ligero', 'llevadero', 'post', 'subir', 'presion', 'analisis', 'enfermedad', 'charada', 'contagie', 'fortuna', 'vacuna']",-99.259495,19.3863707
405,"['moderna', 'ubico', 'pablinnis', 'calle']",-99.1843501,19.3998346
406,"['hermano', 'vacuna', 'nomo', 'falta', 'pendejo']",-99.137171,19.375769
407,"['alineacion', 'pumas', 'lopez', 'rogelio', 'titular', 'fabio', 'mozo', 'volver', 'lateral', 'parado', 'plaza', 'dificil', 'historia', 'moderna', 'auriazul']",-99.137171,19.375769
408,"['cola', 'don', 'pendejo', 'cola', 'mamon', 'ibas', 'vacuna', 'favordenostarchingando']",-99.1919955,19.357102
409,"['ojala', 'hambre', 'cansancio', 'quitar']",-99.259495,19.3863707
410,"['milagro', 'vincent', 'petrus', 'anna', 'sebastian', 'janssen', 'broma', 'anotar']",-99.1843501,19.3998346
411,"['pepsi', 'center', 'etcetera', 'gente', 'unico', 'centro', 'vacuna', 'quitar', 'cum', 'alberca', 'olimpico', 'terrible']",-99.1919955,19.357102
412,"['calmate', 'pendejo', 'iztacalco', 'rancheras', 'delincuencia', 'quejar', 'vete', 'vacuna', 'mamon', 'escribir']",-99.137171,19.375769
413,"['vacuna', 'esperare', 'turno', 'viajo', 'quitar', 'visa', 'multen', 'vacuna', 'jajaja']",-99.140238,19.2846922
414,"['conyuge', 'vecino', 'vacuna', 'febricula']",-99.1843501,19.3998346
415,"['saludar', 'fila', 'vacuna']",-99.17499702584207,19.394702468266463
416,"['lindo', 'guapo', 'srita', 'apatia', 'cafe', 'toma', 'dosis']",-99.118665,19.484399
417,"['only', 'map', 'mapa', 'placa', 'tectonicas', 'complejo', 'estructura', 'corteza', 'terrestre', 'creado', 'lento', 'movimiento', 'gigantescas', 'balsa', 'roca', 'descubrimiento', 'estructura', 'origen', 'geologia', 'moderna', 'credito', 'earthscience', 'reviens']",-99.180678,19.444937
418,"['rico', 'hongo', 'queso', 'jaja']",-99.1843501,19.3998346
419,"['ojala', 'vacuna', 'gasolina']",-99.259495,19.3863707
420,"['ojala', 'vacuna', 'quitar', 'veneno', 'destilan', 'joder']",-99.180678,19.444937
421,"['frank', 'vivo', 'hola', 'frank', 'escuchar', 'comodidad', 'cama', 'sintoma', 'vacuna', 'covid', 'dosis', 'saludo']",-99.140238,19.2846922
422,"['semana', 'contenido', 'only', 'fan', 'tocar', 'vacuna', 'generacion', 'rico', 'vender', 'foto', 'recuerdo']",-99.180678,19.444937
423,"['bonito', 'vacuna', 'efecto', 'maravilloso']",-99.2058092,19.2970107
424,"['vacuna', 'vida', 'experiencia', 'miedo']",-99.140238,19.2846922
425,"['negocio', 'vacuna', 'covid', 'hagas', 'pendejo', 'digas', 'perfectamente', 'negociazo', 'sentir', 'vana', 'callar']",-99.0693801,19.198192
426,"['quitar', 'dolor brazo', 'vacuna', 'doler']",-99.259495,19.3863707
427,"['moderna', 'dolor brazo', 'astrazeneca', 'noche', 'sentir', 'crudo']",-99.1843501,19.3998346
428,"['tazo', 'cafe', 'quitar', 'cansancio']",-99.1676100339898,19.371683435378884
429,"['tocar', 'dosis', 'vacuna', 'sputnik', 'sentir', 'feliz', 'gracias', 'presidente', 'jefa', 'gobierno', 'malo', 'presidente', 'mundo']",-99.137171,19.375769
430,"['igualdad', 'forma', 'conocidasolamente', 'ciego', 'verdero', 'extranar', 'dinosaurios', 'piel', 'delgadita', 'soportar', 'critica', 'realmente', 'deseo', 'servir', 'esperado', 'vacuna']",-99.128294,19.4043522
431,"['reportar', 'matutino', 'post', 'vacuna', 'covid', 'doler', 'cabeza', 'pasar', 'adolorido', 'meu', 'coranto']",-99.259495,19.3863707
432,"['vacuna', 'abuelita', 'aire', 'grabar', 'pedo']",-99.067766,19.3668621
433,"['don', 'pendejo', 'dosis', 'diario', 'infusion', 'calzon', 'quedar', 'protegido', 'moquillo', 'nomas', 'falta', 'desparasitar', 'parvovirus', 'saludo', 'gurrumina']",-99.1919955,19.357102
434,"['dolerme', 'brazo', 'post', 'vacuna']",-99.1843501,19.3998346
435,"['bailo', 'super', 'bailar', 'fila', 'vacuna']",-99.2058092,19.2970107
436,"['alma', 'cansancio', 'falta', 'folklore', 'emocion']",-99.14119991602368,19.44016794277155
437,"['fiebre', 'esteril', 'pendejo', 'afectar', 'quedo', 'esteril', 'pendejo', 'experiencia', 'manejando', 'astrazeneca', 'mano', 'faltar', 'miedo']",-99.259495,19.3863707
438,"['envidia', 'ojala', 'toque', 'piso', 'enhorabuena', 'vacuna', 'lindo']",-99.128294,19.4043522
439,"['ando', 'fila', 'reforzar', 'vacuna', 'guapo']",-99.140238,19.2846922
440,"['imagine', 'pfizer', 'mochi', 'shower', 'moderna', 'catorrazo', 'ojala', 'equivoque']",-99.1600234,19.152878
441,"['humanos', 'bonito', 'empecemo', 'dosis', 'cafe']",-99.259495,19.3863707
442,"['hablar', 'vacuna', 'pensar', 'vacuna', 'hija', 'vacuna', 'chale', 'empeora', 'escuchar', 'vacuna', 'matar', 'persona', 'empeora', 'semejante', 'estupidez']",-99.1843501,19.3998346
443,"['trailero', 'spiderman', 'vecino', 'favorito', 'nena', 'vacuna']",-99.128294,19.4043522
444,"['vivar', 'chilaquil', 'post', 'vacuna']",-99.1919955,19.357102
445,"['avisenme', 'vacuna', 'traer', 'feromona', 'excitar', 'porno', 'vivo']",-99.140238,19.2846922
446,"['vacuna', 'noche', 'sueno', 'frio', 'fiebre', 'toma', 'paracetamol', 'agua', 'quitar', 'podras', 'dormir', 'animo']",-99.259495,19.3863707
447,"['vacuna', 'partido', 'tranquilo']",-99.180678,19.444937
448,"['valio', 'centavo', 'casa', 'minuto', 'hambre', 'sed', 'cansancio', 'coldplaymexicocity', 'foro', 'sol']",-99.09575701,19.4050579
449,"['venas', 'venas', 'jugar', 'pumas', 'tocar', 'dosis', 'ahorita', 'mentalizado', 'pasar', 'verga', 'gracias', 'bonito']",-99.118665,19.484399
450,"['chavos', 'mostrar', 'vacuna', 'mostrar', 'orden', 'sobro', 'imaginacion']",-99.1919955,19.357102
451,"['fiebre', 'reumatico', 'dosis', 'amiodarona', 'conducto', 'lumbar', 'estrecho', 'neumonia']",-99.1919955,19.357102
452,"['ay', 'coraje', 'casera', 'anti', 'vacuna', 'decirle']",-99.1600234,19.152878
453,"['cuento', 'moderna', 'sentir', 'fatal']",-99.1843501,19.3998346
454,"['noche', 'insomnio', 'provocar', 'emocion', 'proyecto', 'generar', 'idea', 'productivo', 'unico', 'seguro', 'cansancio', 'horrible', 'confesion', 'noche']",-99.259495,19.3863707
455,"['reel', 'ig', 'sentir', 'joven', 'moderna']",-99.14989342754708,19.28650900050045
456,"['digno', 'garbanzo', 'libra', 'janssen', 'meneo', 'marvin', 'vinieron', 'cobrar']",-99.1843501,19.3998346
457,"['efecto', 'presidente', 'jugar', 'baseball', 'cubrebocas', 'oir', 'coro', 'lloriqueo', 'planidero', 'ultra', 'recuerden', 'ejercicio', 'vacuna']",-99.1843501,19.3998346
458,"['necesitar', 'cafe', 'post', 'dosis', 'vacuna']",-99.19772386550903,19.425040206309205
459,"['mes', 'folio', 'hablar', 'pregunta', 'tardar', 'volver', 'tocar', 'vacuna']",-99.1919955,19.357102
460,"['vacuna', 'recibimos', 'dosis', 'vacuna', 'pfizer', 'sentir', 'absolutamente', 'fatal', 'dolor brazo', 'dolor pierna', 'frio', 'malestar', 'fiebre', 'cansancio', 'confiar', 'pasar', 'vacuna', 'covid']",-99.259495,19.3863707
461,"['escuchar', 'viernes', 'bailo', 'fila', 'vacuna']",-98.994694,19.332316
462,"['nivel', 'energia', 'dividir', 'fase', 'manana', 'flojero', 'tremendo', 'cansancio', 'extremo', 'noche', 'explosion', 'energia']",-99.2058092,19.2970107
463,"['viernes', 'saludo', 'carino', 'sano', 'distancia', 'esperanza', 'vacuna', 'lindo', 'imagen', 'whatsapp', 'consejo', 'tropiezo', 'sigamos']",-99.1843501,19.3998346
464,"['mirar', 'dibujante', 'quedo', 'casa', 'moderna', 'minecraft', 'digamelo', 'comentario', 'uau']",-99.140238,19.2846922
465,"['sem', 'leve', 'gripa', 'ronquera', 'dolor garganta', 'alto', 'fiebre', 'dolor muscular', 'cabeza', 'perdido', 'olfato', 'gusto', 'esposo', 'diarrea', 'prueba', 'covid', 'fortuna', 'leve', 'aislamiento', 'listo', 'vacuna']",-99.1600234,19.152878
466,"['quitar', 'cansancio']",-99.1919955,19.357102
467,"['hablar', 'experiencia', 'sputnik', 'doler']",-99.2058092,19.2970107
468,"['sentir', 'desvelada', 'parada', 'fila', 'pasar', 'frio', 'hambre', 'vacuna']",-99.118665,19.484399
469,"['quejar', 'vacuna', 'astrazeneca', 'cansancio', 'dolor muscular', 'comparara', 'sintoma', 'enfermedad', 'padecer', 'secuela', 'mame']",-99.1843501,19.3998346
470,"['ching', 'gol', 'janssen']",-99.1843501,19.3998346
471,"['vacuna', 'robar', 'besito']",-99.259495,19.3863707
472,"['impresionante', 'imagen', 'imagino', 'carlo', 'contraccion', 'muscular', 'brutal', 'pensar', 'dolor', 'terrible', 'minuto', 'gritar']",-99.1919955,19.357102
473,"['companero', 'conga', 'vengo', 'humildemente', 'alma', 'mano', 'pedir', 'encarecidamente', 'enorme', 'favor', 'chingando', 'motivo', 'insigne', 'maestro', 'ingenieria', 'moderna', 'mundo', 'portentoso', 'disenador', 'estructura']",-99.2058092,19.2970107
474,"['vivo', 'vacuna', 'amp', 'pasar', 'novia', 'hablar', 'jailbreak', 'unthetered', 'il', 'amigo', 'minuto', 'platicar', 'vacuna', 'xd', 'hablar', 'jailbreak', 'untjetered', 'liberacion', 'contestar', 'pregunta']",-99.140238,19.2846922
475,"['desanimo', 'pronuncia', 'nombre', 'masculino', 'falta', 'animo', 'fuerza', 'energia', 'resolver', 'emprender', 'resistia', 'desanimo', 'cansancio', 'depositando', 'confianza']",-99.2058092,19.2970107
476,"['acabar', 'partido', 'vacuna']",-99.180678,19.444937
477,"['imaginen', 'caer', 'alto', 'rosario', 'roble', 'robar', 'cansancio', 'honesto', 'brillante', 'impecable', 'nota', 'cambio', 'sentir', 'autocratico', 'ojala', 'fiera', 'secretaria']",-99.259495,19.3863707
478,"['mirar', 'traiga', 'nivel', 'janssen', 'cabron']",-99.1843501,19.3998346
479,"['increible', 'salado', 'fabian', 'estay', 'clarisimo', 'fallar', 'janssen', 'rancho', 'salado']",-99.1843501,19.3998346
480,"['sal', 'fila', 'entrar', 'fila', 'sentir', 'pfizer', 'vacuna', 'xochimilco']",-99.1600234,19.152878
481,"['duro', 'cola', 'vacuna', 'covid', 'pelea']",-99.180678,19.444937
482,"['hola', 'sigues', 'post', 'vacuna']",-99.1919955,19.357102
483,"['contagiado', 'sepa', 'sepa', 'cafe', 'vacuna']",-99.128294,19.4043522
484,"['puse', 'reaccion', 'dolor brazo', 'aclaro', 'dolor', 'inicio', 'vacuna']",-99.1843501,19.3998346
485,"['don', 'car', 'vacuna', 'vacuna', 'leve', 'alboroto', 'alivio']",-99.1843501,19.3998346
486,"['herencia', 'pena', 'nieto', 'feo', 'historia', 'moderna']",-99.259495,19.3863707
487,"['ojala', 'traigan', 'vacuna', 'pianista', 'derecha', 'falta', 'sugiero', 'inicien', 'falta', 'diario', 'amanecen', 'rabioso']",-99.1843501,19.3998346
488,"['beatriz', 'gutierrez', 'miller', 'vacuna', 'covid', 'post']",-99.2058092,19.2970107
489,"['doctora', 'cansancio', 'dolor cuerpo', 'gracias']",-99.067766,19.3668621
490,"['anoche', 'auto', 'inyecte', 'hormona', 'caer', 'dormida', 'cansancio', 'levantar', 'implemento', 'gracias', 'roofies', 'responder', 'pregunta', 'noche', 'anoche']",-99.1919955,19.357102
491,"['prisa', 'dona', 'cosa', 'espeso', 'mirar', 'resolver', 'proceso', 'vacuna', 'saludo']",-99.1919955,19.357102
492,"['acabar', 'analisis', 'motivo', 'friends', 'costar', 'vago', 'quitar', 'comercial', 'elimino', 'pista', 'risa', 'enlatado', 'promedio', 'minuto', 'chiste', 'episodio', 'open', 'mic', 'mitad', 'comedia', 'moderna']",-99.1919955,19.357102
493,"['andar', 'lucido', 'pesco', 'virus', 'catalan', 'perder', 'fila', 'partido', 'hora', 'vacuna', 'regia', 'parar', 'sufrir', 'humor', 'terrazo', 'tigre', 'pumas']",-99.2058092,19.2970107
494,"['vengo', 'oscuridad', 'sobrevivi', 'noche', 'post', 'vacuna', 'ruso', 'dolor cabeza', 'cuerpo', 'apendejamiento', 'fiebre', 'pinta']",-99.180678,19.444937
495,"['vecino', 'fiel', 'creyente', 'culto', 'malo', 'vacuna', 'cavidad']",-99.2058092,19.2970107
496,"['normal', 'mes', 'vacuna', 'covid', 'dolor', 'rodilla', 'deber', 'preocupar']",-99.1919955,19.357102
497,"['oigan', 'chavos', 'chileno', 'pasar', 'vacuna']",-99.1843501,19.3998346
498,"['vacuna', 'preferir', 'vacuna', 'andar', 'jugar', 'vivo']",-99.1843501,19.3998346
499,"['lograr', 'mision', 'sputnik', 'importante', 'vacuna', 'dosis', 'aplicado', 'realmente', 'experiencia', 'vacuna', 'campo', 'marte', 'rockstar', 'panda', 'pandemia', 'gracias', 'consejo', 'ponte', 'pila']",-99.259495,19.3863707
500,"['oigan', 'alguien', 'sentir', 'super', 'tristemiserableinsuficiente', 'post', 'vacuna', 'nomas']",-99.1600234,19.152878
501,"['doler', 'presidente', 'efectivo', 'labor', 'vacuna', 'bocota', 'jiji', 'chiva', 'loco', 'llegar', 'hora']",-99.2058092,19.2970107
502,"['modesto', 'opinion', 'reportar', 'inicio', 'vacuna', 'entrar', 'imagen', 'aparecer', 'gobernador', 'partidosolo', 'presi', 'cooperaron', 'atacar', 'institucional']",-99.2058092,19.2970107
503,"['chillan', 'ojito', 'cansancio', 'unico', 'hora', 'entrenar']",-99.2058092,19.2970107
504,"['porlamanana', 'minuto', 'hablar', 'vacuna', 'ciro', 'cinismo', 'vacuna', 'vacuna', 'aramis', 'vacuna', 'gustar', 'joder']",-99.128294,19.4043522
505,"['liniero', 'covid', 'chale', 'antier', 'jugamo', 'barajar', 'maestro', 'vacuna', 'cargar', 'don', 'payaso']",-99.1919955,19.357102
