id,url,date,content,likeCount,retweetCount,replyCount,coordinates,place,latitud,longitud,radio,tweet_tokenizado
1510972587366572040,https://twitter.com/altererasto/status/1510972587366572040,2022-04-04 13:28:31+00:00,"Deb√≠a pasar.
No he ido al m√©dico, me siento de la vrsh:
Cuerpo cortado, dolor muscular y articular, 37.4¬∞C, cefalea, cansancio, sin tos ni flujo, dolor de garganta que va y viene. Diarrea. Un calor de la chxngxdx y yo con fr√≠o.

Por fin nos enfrentamos, #COVID19",3,0,1,"{'longitude': -99.1919955, 'latitude': 19.357102}","{'fullName': 'Benito Ju√°rez, Distrito Federal', 'name': 'Benito Ju√°rez', 'type': 'city', 'country': 'Mexico', 'countryCode': 'MX'}",19.309917325231165,-99.12243737329996,31.28km,"['debia', 'pasar', 'ido', 'medico', 'siento', 'vash', 'cuerpo', 'cortado', 'dolor', 'muscular', 'articular', 'de', 'cefalear', 'cansancio', 'tos', 'flujo', 'dolor', 'garganta', 'ir', 'venir', 'diarrea', 'calor', 'chxngxdx', 'frio', 'fin', 'enfrentar']"
1505928930053787650,https://twitter.com/NewsReportMx/status/1505928930053787650,2022-03-21 15:26:50+00:00,"Rehabilita IMSS pacientes con secuelas de #COVID19

https://t.co/v1Eiqw4Fzp

@Tu_IMSS identifico que la sintomatolog√≠a que se presenta posterior a la enfermedad es falta de aire, fatiga, palpitaciones y dolor articular",1,0,0,"{'longitude': -99.12935598345857, 'latitude': 19.308545035121757}","{'fullName': 'Unidad de Medicina F√≠sica y Rehabilitaci√≥n Siglo XXI (Clinica 32 IMSS)', 'name': 'Unidad de Medicina F√≠sica y Rehabilitaci√≥n Siglo XXI (Clinica 32 IMSS)', 'type': 'poi', 'country': 'Mexico', 'countryCode': 'MX'}",19.309917325231165,-99.12243737329996,31.28km,"['rehabilita', 'imss', 'paciente', 'secuela', 'identifico', 'sintomatologia', 'presentar', 'posterior', 'enfermedad', 'faltar', 'aire', 'fatiga', 'palpitacion', 'dolor', 'articular']"
1499178407082479620,https://twitter.com/Gacelita/status/1499178407082479620,2022-03-03 00:22:40+00:00,"@AlasdeCatarinas @Dafneconefe Algunas personas necesitan llevar terapia de reemplazo hormonal por un rato, sobre todo para que tu cuerpo se adapte a un menor nivel de estrogeno y no tengas dolor muscular y articular. A mi mam√° se la mandaron en el seguro pero ya no fue y si sufri√≥ con dolores como 1 a√±o.",1,0,1,"{'longitude': -99.2058092, 'latitude': 19.2970107}","{'fullName': 'Coyoac√°n, Distrito Federal', 'name': 'Coyoac√°n', 'type': 'city', 'country': 'Mexico', 'countryCode': 'MX'}",19.309917325231165,-99.12243737329996,31.28km,"['persona', 'necesitar', 'llevar', 'terapia', 'reemplazo', 'hormonal', 'rato', 'cuerpo', 'adapte', 'menor', 'nivel', 'estrogeno', 'dolor', 'muscular', 'articular', 'mama', 'mandar', 'seguro', 'si', 'sufrio', 'dolor', 'ano']"
1494707702106361861,https://twitter.com/oMarile/status/1494707702106361861,2022-02-18 16:17:41+00:00,"Tercerda dosis de #AstraZeneca ayer.
La primera escalofr√≠os, dolor muscular, articular, no tan mal.
La segunda algo de cansancio.
La tercera limpia (al menos 24 horas despu√©s). üôÉ",0,0,0,"{'longitude': -99.259495, 'latitude': 19.3863707}","{'fullName': 'Miguel Hidalgo, Distrito Federal', 'name': 'Miguel Hidalgo', 'type': 'city', 'country': 'Mexico', 'countryCode': 'MX'}",19.309917325231165,-99.12243737329996,31.28km,"['tercero', 'dosis', 'astrazeneca', 'ayer', 'primero', 'escalofrio', 'dolor', 'muscular', 'articular', 'tanto', 'mal', 'segundo', 'cansancio', 'tercero', 'limpio', 'menos', 'hora', 'despues']"
1492134454290169864,https://twitter.com/JonathanRubenHM/status/1492134454290169864,2022-02-11 13:52:31+00:00,"#sinovitisVellonodularPigmentada enfermedad benigna pero agresiva de proliferaci√≥n sinovial de causa inflamatoria o neoplasica.S√≠ntomas:dolor,movilidad limitada, derrame articular y aumento de volumen.Tratamiento: sinovectomia total artroscopica.Dr.Jonathan Hernandez Molina https://t.co/pvyJffoHtU",0,0,0,"{'longitude': -99.18472186065131, 'latitude': 19.41068687571323}","{'fullName': 'Quir√≥fanos Hospital Angeles Mocel', 'name': 'Quir√≥fanos Hospital Angeles Mocel', 'type': 'poi', 'country': 'Mexico', 'countryCode': 'MX'}",19.309917325231165,-99.12243737329996,31.28km,"['sinovitis', 'vellonodular', 'pigmentar', 'enfermedad', 'benigno', 'agresivo', 'proliferacion', 'sinovial', 'causa', 'inflamatorio', 'neoplasia', 'sintoma', 'dolor', 'movilidad', 'limitado', 'derramar', 'articular', 'aumento', 'volumen', 'tratamiento', 'sinovectomia', 'total', 'artroscopico', 'doctor', 'jonathaber', 'hernandez', 'molin']"
1489077090913861637,https://twitter.com/ClaudelPaulette/status/1489077090913861637,2022-02-03 03:23:38+00:00,@CampanitaRocha @rivire5 @Jacinto_bunny No me daban ganas ni de levantarme de la cama por el dolor articular...,2,0,0,"{'longitude': -99.1919955, 'latitude': 19.357102}","{'fullName': 'Benito Ju√°rez, Distrito Federal', 'name': 'Benito Ju√°rez', 'type': 'city', 'country': 'Mexico', 'countryCode': 'MX'}",19.309917325231165,-99.12243737329996,31.28km,"['dar', 'gana', 'levantar', 'cama', 'dolor', 'articular']"
1485074146883166211,https://twitter.com/condegomezrojas/status/1485074146883166211,2022-01-23 02:17:22+00:00,"Que es un Traumat√≥logo Ortopedista ?
Es el especialista para el  tratamiento de :
1.- Todo tipo de fracturas y luxaciones recientes y antiguas, excepto las de cr√°neo .
2.- Manejo del dolor musculoesqueletico por contusi√≥nes o desgarros.
3.- infiltraci√≥n articular. https://t.co/o3hjCN8dYw",2,0,0,"{'longitude': -99.7825792, 'latitude': 19.0763934}","{'fullName': 'Toluca, M√©xico', 'name': 'Toluca', 'type': 'city', 'country': 'Mexico', 'countryCode': 'MX'}",19.309917325231165,-99.12243737329996,31.28km,"['traumatologo', 'ortopedista', 'especialista', 'tratamiento', 'tipo', 'fractura', 'mutacion', 'reciente', 'antiguo', 'excepto', 'craneo', 'manejo', 'dolor', 'musculoesqueletico', 'contusiones', 'desgarro', 'infiltracion', 'articular']"
1483433717502726155,https://twitter.com/Neumo_Dr_Ivan/status/1483433717502726155,2022-01-18 13:38:53+00:00,S√≠ntomas principales en infecci√≥n por COVID variante √≥micron son de v√≠a superior : dolor de garganta dolor muscular y articular y sensaci√≥n de pecho oprimido despu√©s de algunos d√≠as tos Vigilar datos de alarma fiebre &gt;38 y oxigenaci√≥n &lt;90% #VacunateContraLaCovid19 https://t.co/BvAlqiK3Ix,8,4,1,"{'longitude': -99.330259, 'latitude': 19.51799}","{'fullName': 'Atizap√°n de Zaragoza, M√©xico', 'name': 'Atizap√°n de Zaragoza', 'type': 'city', 'country': 'Mexico', 'countryCode': 'MX'}",19.309917325231165,-99.12243737329996,31.28km,"['sintomas', 'principal', 'infeccion', 'covid', 'variante', 'omicron', 'via', 'superior', 'dolor', 'garganta', 'dolor', 'muscular', 'articular', 'sensacion', 'pecho', 'oprimido', 'despu', 'dia', 'tos', 'vigilar', 'dato', 'alarmar', 'fiebre', 'gt', 'oxigenacion', 'lt', 'vacunarte', 'covid']"
1479545485404905478,https://twitter.com/Anaesthetist_81/status/1479545485404905478,2022-01-07 20:08:27+00:00,"A 48 hrs de la 3ra dosis, solo anoche tuve febr√≠cula y dolor articular de mis deditos, nada que el Metamizol no pudiera resolver y mucho sue√±o, pero ese ya es habitual en mi ‚ò∫Ô∏è Vac√∫nense, hay que cuidarnos entre todos 
#VacunarseEsClave #VacunaCOVID19 https://t.co/2CKoczyLMe",11,0,0,"{'longitude': -99.330259, 'latitude': 19.51799}","{'fullName': 'Atizap√°n de Zaragoza, M√©xico', 'name': 'Atizap√°n de Zaragoza', 'type': 'city', 'country': 'Mexico', 'countryCode': 'MX'}",19.309917325231165,-99.12243737329996,31.28km,"['hora', 'tercero', 'dosis', 'solo', 'anoche', 'febricular', 'dolor', 'articular', 'dedito', 'metamizol', 'poder', 'resolver', 'sueno', 'habitual', 'vacunar', 'cuidarno', 'vacunar', 'clave', 'vacuno']"
1478948821581316100,https://twitter.com/Anaesthetist_81/status/1478948821581316100,2022-01-06 04:37:31+00:00,"@YovanOficial @alejandro_vape Hasta este momento, solo sue√±o y un poco de dolor articular, pero leve ‚úåüèº‚ò∫Ô∏è",1,0,1,"{'longitude': -99.330259, 'latitude': 19.51799}","{'fullName': 'Atizap√°n de Zaragoza, M√©xico', 'name': 'Atizap√°n de Zaragoza', 'type': 'city', 'country': 'Mexico', 'countryCode': 'MX'}",19.309917325231165,-99.12243737329996,31.28km,"['momento', 'solo', 'sueno', 'dolor', 'articular', 'leve']"
1478761936468779012,https://twitter.com/amr_1971/status/1478761936468779012,2022-01-05 16:14:54+00:00,"@unatalmiich En 3 semanas 18 pax acudieron por otro motivo, pero cefalea persistente y dolor articular, üíØ con viajes o reuniones &gt;50-70 personas y hasta hoy 16 confirmados por PCR hisopado ya aislados, la tasa va en aumento!!?üò∑üò≥üôÑüëåüôèüèºüíØ @medicosergio @docramiro",0,0,0,"{'longitude': -99.15695509895555, 'latitude': 19.421871442895988}","{'fullName': 'Hospital √Ångeles Cl√≠nica Londres', 'name': 'Hospital √Ångeles Cl√≠nica Londres', 'type': 'poi', 'country': 'Mexico', 'countryCode': 'MX'}",19.309917325231165,-99.12243737329996,31.28km,"['semana', 'pax', 'acudir', 'motivo', 'cefalear', 'persistente', 'dolor', 'articular', 'viaje', 'reunion', 'gt', 'persona', 'hoy', 'confirmado', 'por', 'hisopado', 'aislado', 'tasa', 'ir', 'aumento']"
1461182209138872322,https://twitter.com/aparicio_osorno/status/1461182209138872322,2021-11-18 03:59:20+00:00,"@webcamsdemexico Las reumas (Dolor articular ocasionado por el crecimiento en ni√±os y adolescentes, por la edad, el clima fr√≠o, alguna lesi√≥n y la falta de ejercicio f√≠sico)",2,0,0,"{'longitude': -99.1843501, 'latitude': 19.3998346}","{'fullName': 'Cuauht√©moc, Distrito Federal', 'name': 'Cuauht√©moc', 'type': 'city', 'country': 'Mexico', 'countryCode': 'MX'}",19.309917325231165,-99.12243737329996,31.28km,"['reuma', 'dolor', 'articular', 'ocasionado', 'crecimiento', 'nino', 'adolescente', 'edad', 'clima', 'frio', 'alguno', 'lesion', 'faltar', 'ejercicio', 'fisico']"
1460769997110882307,https://twitter.com/LftMacias/status/1460769997110882307,2021-11-17 00:41:21+00:00,"Beneficios de la fisioterapia en el tratamiento del dolor de rodilla
‚Ä¢Recupera la movilidad articular y el correcto funcionamiento de la zona de la rodilla.
‚Ä¢Reduce la inflamaci√≥n, contribuyendo a reducir el dolor de rodilla.
‚Ä¢Mejora el tono muscular
https://t.co/SffoIx2R09 https://t.co/TaIpI0LNHe",0,0,1,"{'longitude': -99.16786285588019, 'latitude': 19.406754522745597}","{'fullName': 'Consultorios Medicos Tuxpan no. 8', 'name': 'Consultorios Medicos Tuxpan no. 8', 'type': 'poi', 'country': 'Mexico', 'countryCode': 'MX'}",19.309917325231165,-99.12243737329996,31.28km,"['beneficio', 'fisioterapia', 'tratamiento', 'dolor', 'rodilla', 'recuperar', 'movilidad', 'articular', 'correcto', 'funcionamiento', 'zon', 'rodilla', 'reducir', 'inflamacion', 'contribuir', 'reducir', 'dolor', 'rodilla', 'mejor', 'tono', 'muscular']"
1433511980338458624,https://twitter.com/jhonnypunk/status/1433511980338458624,2021-09-02 19:27:44+00:00,Los pacientes CIII casi no tienen problemas articulares a pesar de sus mal oclusiones y es por la musculatura que poseen. En cambio los CII casi siempre tienen dolor articular y tambi√©n gracias a su musculatura... üòâ,8,0,0,"{'longitude': -99.180678, 'latitude': 19.444937}","{'fullName': 'Gustavo A. Madero, Distrito Federal', 'name': 'Gustavo A. Madero', 'type': 'city', 'country': 'Mexico', 'countryCode': 'MX'}",19.309917325231165,-99.12243737329996,31.28km,"['paciente', 'ci', 'casi', 'problema', 'articular', 'pesar', 'mal', 'oclusion', 'musculatura', 'poseer', 'cambio', 'chi', 'casi', 'siempre', 'dolor', 'articular', 'gracias', 'musculatura']"
1420703570903674883,https://twitter.com/Farmaciagenymas/status/1420703570903674883,2021-07-29 11:11:41+00:00,"La #diacere√≠na inhibe de la producci√≥n y liberaci√≥n de enzimas que degradan el #cart√≠lago (colagenasa y estromelisina). Mejora algunos signos y s√≠ntomas de la #artrosis como el #dolor y la funci√≥n articular.üë®‚Äç‚öïÔ∏èConsulte a su m√©dicoüßë‚Äç‚öïÔ∏è #farmaciasgenericosymas #farmacia #viaflex https://t.co/kAbc5Bj5Jy",0,0,0,"{'longitude': -99.2481811, 'latitude': 19.498594}","{'fullName': 'Tlalnepantla de Baz, M√©xico', 'name': 'Tlalnepantla de Baz', 'type': 'city', 'country': 'Mexico', 'countryCode': 'MX'}",19.309917325231165,-99.12243737329996,31.28km,"['diacereina', 'inhibir', 'produccion', 'liberacion', 'enzima', 'degradar', 'cartilago', 'colagenasa', 'estromelisin', 'mejorar', 'signo', 'sintoma', 'artrosis', 'dolor', 'funcionar', 'articular', 'consulte', 'medico', 'farmaciasgenericosyma', 'farmacia', 'viable']"
1419737575334547463,https://twitter.com/MarcheloSB/status/1419737575334547463,2021-07-26 19:13:10+00:00,"@soloRudolf #SputnikV el s√°bado. Y las reacciones mucho cansancio y dolor articular muy fuerte, me dur√≥ dos d√≠as y medios... Ahorita ya no me duele, pero comenc√© con dolor de cabeza.....",1,0,1,"{'longitude': -99.2058092, 'latitude': 19.2970107}","{'fullName': 'Coyoac√°n, Distrito Federal', 'name': 'Coyoac√°n', 'type': 'city', 'country': 'Mexico', 'countryCode': 'MX'}",19.309917325231165,-99.12243737329996,31.28km,"['sputnik', 'sabar', 'reaccion', 'cansancio', 'dolor', 'articular', 'fuerte', 'duro', 'dos', 'dio', 'medio', 'ahorita', 'duele', 'comence', 'dolor', 'cabeza']"
1414794339960635397,https://twitter.com/Elfhelm1304/status/1414794339960635397,2021-07-13 03:50:30+00:00,"@Anniasauria @liz_calvillo @DrChavezDiaz Mi se√±ora, de 39 a√±os, ya recibi√≥ la de AstraZeneca, con un stent en coronaria, mientras sigas tu tratamiento al pie de la letra, creo q no hay mayor problema q el le dio fiebre de 38,dolor de cabeza, articular y un poco de dificultad respiratoria por dos d√≠as.",2,0,0,"{'longitude': -99.118665, 'latitude': 19.484399}","{'fullName': 'Ecatepec de Morelos, M√©xico', 'name': 'Ecatepec de Morelos', 'type': 'city', 'country': 'Mexico', 'countryCode': 'MX'}",19.309917325231165,-99.12243737329996,31.28km,"['senora', 'ano', 'recibio', 'astrazeneca', 'stent', 'coronario', 'mientras', 'siga', 'tratamiento', 'pie', 'letra', 'creer', 'mayor', 'problema', 'dar', 'fiebre', 'dolor', 'cabeza', 'articular', 'dificultad', 'respiratorio', 'dos', 'dia']"
1395763432473907205,https://twitter.com/mina_usagi/status/1395763432473907205,2021-05-21 15:28:28+00:00,"Pase muy mala noche, con fiebre, dolor de cabeza intenso. Dolor articular, sangrado de nariz... https://t.co/62a7fGpub8",0,0,2,"{'longitude': -99.180678, 'latitude': 19.444937}","{'fullName': 'Gustavo A. Madero, Distrito Federal', 'name': 'Gustavo A. Madero', 'type': 'city', 'country': 'Mexico', 'countryCode': 'MX'}",19.309917325231165,-99.12243737329996,31.28km,"['pase', 'malo', 'noche', 'fiebre', 'dolor', 'cabeza', 'intenso', 'dolor', 'articular', 'sangrado', 'nariz']"
1378768718734503939,https://twitter.com/JonathanRubenHM/status/1378768718734503939,2021-04-04 17:57:33+00:00,"La cirug√≠a de reemplazo articular elimina las partes da√±adas de una articulaci√≥n sustituy√©ndolas por implantes de cer√°mica y metal. Indicada en‚Ä¢Artritis‚Ä¢Desgaste de uso¬†‚Ä¢Trauma.Los objetivos son aliviar el dolor y mejorar el movimiento. Dr.Jonathan Hdez Molina
Citas:5552782601 https://t.co/3sXv1I9Arv",0,0,0,"{'longitude': -99.18472186065131, 'latitude': 19.41068687571323}","{'fullName': 'Quir√≥fanos Hospital Angeles Mocel', 'name': 'Quir√≥fanos Hospital Angeles Mocel', 'type': 'poi', 'country': 'Mexico', 'countryCode': 'MX'}",19.309917325231165,-99.12243737329996,31.28km,"['cirugia', 'reemplazo', 'articular', 'eliminar', 'parte', 'danado', 'articulacion', 'sustituyendolo', 'implant', 'ceramico', 'metal', 'indicado', 'artritis', 'desgaste', 'uso', 'trauma', 'objetivo', 'aliviar', 'dolor', 'mejorar', 'movimiento', 'doctor', 'jonathaber', 'hez', 'molina', 'cita']"
1363908584543825927,https://twitter.com/AnieVizcarra/status/1363908584543825927,2021-02-22 17:48:41+00:00,"¬øSabias que el col√°geno sirve para mejorar la salud de tu piel, aliviar dolor articular, prevenir la p√©rdida √≥sea, ayudar en el aumento de masa muscular y ayudar con tu salud intestinal? üò±
Col√°geno de 1kg üëáüèªüëáüèªüì¶ Env√≠os a toda la rep√∫blica
üì© Para m√°s informaci√≥n
 #salud https://t.co/UBdP92bwlK",0,0,0,"{'longitude': -99.1919955, 'latitude': 19.357102}","{'fullName': 'Benito Ju√°rez, Distrito Federal', 'name': 'Benito Ju√°rez', 'type': 'city', 'country': 'Mexico', 'countryCode': 'MX'}",19.309917325231165,-99.12243737329996,31.28km,"['sabia', 'colageno', 'servir', 'mejorar', 'salud', 'piel', 'aliviar', 'dolor', 'articular', 'prevenir', 'perdido', 'osear', 'ayudar', 'aumento', 'masa', 'muscular', 'ayudar', 'salud', 'intestinal', 'colageno', 'kilogramo', 'envio', 'todo', 'republico', 'informacion', 'salud']"
1343659648503717889,https://twitter.com/RzetaPau/status/1343659648503717889,2020-12-28 20:46:38+00:00,Tengo fiebre y dolor articular üôÇ,2,0,0,"{'longitude': -99.315748, 'latitude': 19.087511}","{'fullName': 'Tlalpan, Distrito Federal', 'name': 'Tlalpan', 'type': 'city', 'country': 'Mexico', 'countryCode': 'MX'}",19.309917325231165,-99.12243737329996,31.28km,"['fiebre', 'dolor', 'articular']"
