id,url,date,content,likeCount,retweetCount,replyCount,coordinates,place,latitud,longitud,radio,tweet_tokenizado
1556481035805892609,https://twitter.com/TROLELLO/status/1556481035805892609,2022-08-08 03:22:51+00:00,"@HuertaVertiz @SSaludCdMx No 

Cansino equivale a 2 dosis de Astra Sputnik o Pfaizer.
M√°s moderna ya tiene su vacuna m√°s su dosis de refuerzo.

Una segundo Refuerzo solamente para mayores de 60 a√±os, y de 18 a 59 a√±os demostrando que tienen una enfermedad cormobil. https://t.co/fjSSNIg6TL",2,0,1,"{'longitude': -99.180678, 'latitude': 19.444937}","{'fullName': 'Gustavo A. Madero, Distrito Federal', 'name': 'Gustavo A. Madero', 'type': 'city', 'country': 'Mexico', 'countryCode': 'MX'}",19.309917325231165,-99.12243737329996,31.28km,"['cansino', 'equivale', 'dosis', 'astrazeneca', 'sputnik', 'pfizer', 'moderno', 'vacuno', 'dosis', 'refuerzo', 'segundo', 'refuerzo', 'solamente', 'mayor', 'ano', 'ano', 'demostrar', 'enfermedad', 'cormobil']"
1551374677578321921,https://twitter.com/TROLELLO/status/1551374677578321921,2022-07-25 01:12:00+00:00,"@FreshmDexia @SSaludCdMx Lamentablemente la respuesta es NO. Pfaizer por ser la √∫nica vacuna autorizada para menores de 18 a√±os, se reservo √∫nica y exclusivamente para ellos.y no hay Moderna no J&amp;J.",0,0,0,"{'longitude': -99.128294, 'latitude': 19.4043522}","{'fullName': 'Venustiano Carranza, Distrito Federal', 'name': 'Venustiano Carranza', 'type': 'city', 'country': 'Mexico', 'countryCode': 'MX'}",19.309917325231165,-99.12243737329996,31.28km,"['lamentablemente', 'respuesta', 'pfizer', 'ser', 'unicar', 'vacuna', 'autorizado', 'menor', 'ano', 'reservar', 'unico', 'exclusivamente', 'moderno', 'amp']"
1549840342224175104,https://twitter.com/TROLELLO/status/1549840342224175104,2022-07-20 19:35:06+00:00,"@Margari37719601 @SSaludCdMx No por que ya tienen vacuna y refuerzo. Cansino equivale a dos dosis de Sputnik, Pfaizer y/o Astra, y moderna fue la dosis es refuerzo, por o que ya tienes el equivalente a 3 dosis.",0,0,0,"{'longitude': -99.259495, 'latitude': 19.3863707}","{'fullName': 'Miguel Hidalgo, Distrito Federal', 'name': 'Miguel Hidalgo', 'type': 'city', 'country': 'Mexico', 'countryCode': 'MX'}",19.309917325231165,-99.12243737329996,31.28km,"['vacuno', 'refuerzo', 'cansino', 'equivaler', 'dos', 'dosis', 'sputnik', 'pfizer', 'astrazeneca', 'moderno', 'dosis', 'refuerzo', 'equivalente', 'dosis']"
1548813109896196097,https://twitter.com/TROLELLO/status/1548813109896196097,2022-07-17 23:33:15+00:00,"@Aviito @SSaludCdMx As√≠ que te conviene vacunarte con Cansino, que a diferencia de Pfaizer, Astra, y Sputnik es de una sola dosis, as√≠ ya tienes vacuna y moderna como refuerzo.",0,0,0,"{'longitude': -99.324375, 'latitude': 19.232228}","{'fullName': '√Ålvaro Obreg√≥n, Distrito Federal', 'name': '√Ålvaro Obreg√≥n', 'type': 'city', 'country': 'Mexico', 'countryCode': 'MX'}",19.309917325231165,-99.12243737329996,31.28km,"['asi', 'convenir', 'vacunarte', 'cansino', 'diferencia', 'pfizer', 'astrazeneca', 'sputnik', 'solo', 'dosis', 'asi', 'vacuna', 'moderno', 'refuerzo']"
1548802132299612160,https://twitter.com/TROLELLO/status/1548802132299612160,2022-07-17 22:49:38+00:00,"@KarlaGyG @SSaludCdMx Ya tienes vacuna y refuerzo. Es decir Pfaizer, Astra, Sputnik, la vacuna se divide en dos dosis, Casino en una. Por lo que + moderna ya tienes vacuna y refuerzo.",2,0,1,"{'longitude': -99.4974926, 'latitude': 19.206011}","{'fullName': 'Ocoyoacac, M√©xico', 'name': 'Ocoyoacac', 'type': 'city', 'country': 'Mexico', 'countryCode': 'MX'}",19.309917325231165,-99.12243737329996,31.28km,"['vacuno', 'refuerzo', 'decir', 'pfizer', 'astrazeneca', 'sputnik', 'vacuna', 'dividir', 'dos', 'dosis', 'casino', 'moderno', 'vacuno', 'refuerzo']"
1546860854179778560,https://twitter.com/el_moizz/status/1546860854179778560,2022-07-12 14:15:41+00:00,@Titoch_69 Lo importante de la vacuna es que evite los s√≠ntomas o que estos sean muy leves; a mi me ha ido muy bien con Moderna. Que le sea leve a Karlita y se recupere pronto!,0,0,1,"{'longitude': -99.128294, 'latitude': 19.4043522}","{'fullName': 'Venustiano Carranza, Distrito Federal', 'name': 'Venustiano Carranza', 'type': 'city', 'country': 'Mexico', 'countryCode': 'MX'}",19.309917325231165,-99.12243737329996,31.28km,"['importante', 'vacuna', 'evitar', 'sintoma', 'leve', 'ido', 'bien', 'moderno', 'leve', 'varitar', 'recuperar', 'pronto']"
1539126259556442113,https://twitter.com/TROLELLO/status/1539126259556442113,2022-06-21 06:01:10+00:00,"@Elizabe06099249 @SSaludCdMx Cansino, a diferencia de Astra, Sputnik y Pfaizer, es unidosis, es decir que con una dosis tiene la misma efectividad que las dos dosis de las otras. Por lo que con Moderna ya tienes vacuna y refuerzo. El equivalente a las tres dosis de las otras. https://t.co/kY5i3k2Cif",1,0,0,"{'longitude': -99.180678, 'latitude': 19.444937}","{'fullName': 'Gustavo A. Madero, Distrito Federal', 'name': 'Gustavo A. Madero', 'type': 'city', 'country': 'Mexico', 'countryCode': 'MX'}",19.309917325231165,-99.12243737329996,31.28km,"['cansino', 'diferencia', 'astrazeneca', 'sputnik', 'pfizer', 'unidos', 'decir', 'dosis', 'mismo', 'efectividad', 'dos', 'dosis', 'moderno', 'vacuno', 'refuerzo', 'equivalente', 'tres', 'dosis']"
1532746810560749568,https://twitter.com/Sintratar/status/1532746810560749568,2022-06-03 15:31:31+00:00,"Sigo sin enfermarme de COVID_19 y mi mayor protecci√≥n fue la vacuna de CanSino y el super refuerzo de Moderna, eso si cuando salgo de mi casa no me quito para nada el cubrebocas",1,0,0,"{'longitude': -99.1843501, 'latitude': 19.3998346}","{'fullName': 'Cuauht√©moc, Distrito Federal', 'name': 'Cuauht√©moc', 'type': 'city', 'country': 'Mexico', 'countryCode': 'MX'}",19.309917325231165,-99.12243737329996,31.28km,"['seguir', 'enfermar', 'covid', 'mayor', 'proteccion', 'vacuno', 'cansino', 'super', 'refuerzo', 'moderno', 'si', 'salgo', 'casa', 'quito', 'cubreboca']"
1529948757856509956,https://twitter.com/Rolo92769328/status/1529948757856509956,2022-05-26 22:13:03+00:00,"""LA PLANDEMIA HA CREADO 40 NUEVOS MULTIMILLONARIOS EN EL SECTOR FARMAC√âUTICO. PFIZER Y MODERNA ""SE EMBOLSAN MIL DOLARES EN BENEFICIOS CADA SEGUNDO GRACIAS A SU MONOPOLIO SOBRE LA VACUNA CONTRA EL COVID-19, A PESAR DE QUE PARA SU DESARROLLO RECIBIERON MILES DE MILLONES DE D√ìLARES",0,1,1,"{'longitude': -99.118665, 'latitude': 19.484399}","{'fullName': 'Ecatepec de Morelos, M√©xico', 'name': 'Ecatepec de Morelos', 'type': 'city', 'country': 'Mexico', 'countryCode': 'MX'}",19.309917325231165,-99.12243737329996,31.28km,"['pandemiir', 'creado', 'nuevo', 'multimillonario', 'sector', 'farmaceutico', 'pfizer', 'moderno', 'embolsar', 'mil', 'dolar', 'beneficio', 'cada', 'segundo', 'gracias', 'monopolio', 'vacuna', 'covid', 'pesar', 'desarrollo', 'recibir', 'mil', 'millon', 'dolar']"
1513930360064778244,https://twitter.com/TROLELLO/status/1513930360064778244,2022-04-12 17:21:39+00:00,"@GuillerminaUga4 @GobCDMX M√©xico no ten√≠a, ni tiene, contrato con Moderna. Las √∫nicas que llegaron fueron donadas por el Gobierno de los Estados Unidos. As√≠ que tiene que acudir y en la mesa de casos especiales preguntar que vacuna le pueden aplicar.",0,0,0,"{'longitude': -99.259495, 'latitude': 19.3863707}","{'fullName': 'Miguel Hidalgo, Distrito Federal', 'name': 'Miguel Hidalgo', 'type': 'city', 'country': 'Mexico', 'countryCode': 'MX'}",19.309917325231165,-99.12243737329996,31.28km,"['mexico', 'contrato', 'moderno', 'unica', 'llegar', 'donado', 'gobierno', 'unido', 'asi', 'acudir', 'mesa', 'caso', 'especial', 'preguntar', 'vacuna', 'poder', 'aplicar']"
1501573228376080384,https://twitter.com/YessicastilloR/status/1501573228376080384,2022-03-09 14:58:50+00:00,¬øSi es cierto que con la vacuna moderna NO SE DEBE tomar alcohol en 15 d√≠as?,2,0,6,"{'longitude': -99.1919955, 'latitude': 19.357102}","{'fullName': 'Benito Ju√°rez, Distrito Federal', 'name': 'Benito Ju√°rez', 'type': 'city', 'country': 'Mexico', 'countryCode': 'MX'}",19.309917325231165,-99.12243737329996,31.28km,"['si', 'cierto', 'vacuna', 'moderna', 'deber', 'tomar', 'alcohol', 'dia']"
1498885128038371329,https://twitter.com/Dr_Verduzco/status/1498885128038371329,2022-03-02 04:57:17+00:00,"YA P√ìNGANME MI VACUNA mRNA de gen CAT7 !!!!

...por favor y gracias. üôÇ

@PeterDiamandis @pfizer @BioNTech_Group @moderna_tx",0,0,0,"{'longitude': -99.259495, 'latitude': 19.3863707}","{'fullName': 'Miguel Hidalgo, Distrito Federal', 'name': 'Miguel Hidalgo', 'type': 'city', 'country': 'Mexico', 'countryCode': 'MX'}",19.309917325231165,-99.12243737329996,31.28km,"['ponganmar', 'vacuna', 'mina', 'gen', 'cat', 'favor', 'graciar']"
1494815313858285574,https://twitter.com/NimitzCNV68/status/1494815313858285574,2022-02-18 23:25:17+00:00,"@leonard99402936 @YasItalian @BrendaCrabtreeR Ni siquiera hay que asistir a los consulados, la vacuna se aplica incluso en los aeropuertos, sin complicaciones

Uno elige si quiere Pfizer, Moderna o Johnson",5,2,0,"{'longitude': -99.315748, 'latitude': 19.087511}","{'fullName': 'Tlalpan, Distrito Federal', 'name': 'Tlalpan', 'type': 'city', 'country': 'Mexico', 'countryCode': 'MX'}",19.309917325231165,-99.12243737329996,31.28km,"['siquiera', 'asistir', 'consulado', 'vacuna', 'aplico', 'incluso', 'aeropuertos', 'complicacion', 'elegir', 'si', 'querer', 'pfizer', 'moderno', 'johnson']"
1491375908082823173,https://twitter.com/TROLELLO/status/1491375908082823173,2022-02-09 11:38:19+00:00,"@DALACA666 @GobCDMX Pfizer al ser la √∫nica vacuna autorizada para menores de 18 a√±os, se reservo para ese grupo. Y moderna est√° agotada, ya que no hay contrato con esa Farmac√©utica, las √∫nicas que hab√≠a fueron donadas por el gobierno de los Estados Unidos. Esas son las razones.",0,0,0,"{'longitude': -99.180678, 'latitude': 19.444937}","{'fullName': 'Gustavo A. Madero, Distrito Federal', 'name': 'Gustavo A. Madero', 'type': 'city', 'country': 'Mexico', 'countryCode': 'MX'}",19.309917325231165,-99.12243737329996,31.28km,"['pfizer', 'ser', 'unicar', 'vacuna', 'autorizado', 'menor', 'ano', 'reservo', 'grupo', 'moderno', 'agotado', 'contrato', 'farmaceutico', 'unica', 'donado', 'gobierno', 'unido', 'razon']"
1489030988919447555,https://twitter.com/TomasAl29086216/status/1489030988919447555,2022-02-03 00:20:27+00:00,@SSaludCdMx hola buena tarde si mi esposa trabaja en una esc.particular q vacuna le toca del 3er refuerzo trabaja en la escuela moderna americana aqu√≠ en Coyoac√°n gracias,0,1,0,"{'longitude': -99.2058092, 'latitude': 19.2970107}","{'fullName': 'Coyoac√°n, Distrito Federal', 'name': 'Coyoac√°n', 'type': 'city', 'country': 'Mexico', 'countryCode': 'MX'}",19.309917325231165,-99.12243737329996,31.28km,"['hola', 'buen', 'tarde', 'si', 'esposa', 'trabajar', 'esc', 'particular', 'vacuno', 'tocar', 'tercer', 'refuerzo', 'trabajar', 'escuela', 'moderno', 'americano', 'aqui', 'conocer', 'gracias']"
1488346499335569415,https://twitter.com/gabynajeraa/status/1488346499335569415,2022-02-01 03:00:32+00:00,"Que ilusa creyendo en mi gobierno, esperando Moderna y salen con su rusa. Mejor sin vacuna.",0,0,0,"{'longitude': -99.1843501, 'latitude': 19.3998346}","{'fullName': 'Cuauht√©moc, Distrito Federal', 'name': 'Cuauht√©moc', 'type': 'city', 'country': 'Mexico', 'countryCode': 'MX'}",19.309917325231165,-99.12243737329996,31.28km,"['ilusar', 'creer', 'gobierno', 'esperar', 'moderna', 'salir', 'rusa', 'mejor', 'vacuno']"
1487250571837034499,https://twitter.com/cancerbero1/status/1487250571837034499,2022-01-29 02:25:42+00:00,"@LaModernaMx Desde Septiembre mi hijo se gan√≥ (a seg√∫n) un premio por haberse puesto vacuna Moderna. Es la fecha y a√∫n no le llega su premio (ni le llegar√°...) Como ves, @morenazadmialma?",0,0,1,"{'longitude': -99.330259, 'latitude': 19.51799}","{'fullName': 'Atizap√°n de Zaragoza, M√©xico', 'name': 'Atizap√°n de Zaragoza', 'type': 'city', 'country': 'Mexico', 'countryCode': 'MX'}",19.309917325231165,-99.12243737329996,31.28km,"['septiembre', 'hijo', 'gano', 'segun', 'premio', 'haber', 'poner', 'vacuna', 'moderno', 'fecha', 'aun', 'llegar', 'premio', 'llegar']"
1486767656908767232,https://twitter.com/danielaobregons/status/1486767656908767232,2022-01-27 18:26:46+00:00,La farmace√∫tica Moderna empieza los ensayos cl√≠nicos en humanos de la vacuna de VIH,11,0,0,"{'longitude': -99.315748, 'latitude': 19.087511}","{'fullName': 'Tlalpan, Distrito Federal', 'name': 'Tlalpan', 'type': 'city', 'country': 'Mexico', 'countryCode': 'MX'}",19.309917325231165,-99.12243737329996,31.28km,"['farmaceutica', 'moderno', 'empezar', 'ensayo', 'clinico', 'huma', 'vacuna', 'vih']"
1486410722380849166,https://twitter.com/darcag/status/1486410722380849166,2022-01-26 18:48:27+00:00,"@locatel_mx Ayer aplicaron vacuna""Moderna"", en Vocacional 7, no AstraZeneca, que pas√≥?, reacciones con molestia en extremidades, dolor y ligero ardor, lengua levemente como escaldada, sin aumento de temperatura.",0,0,1,"{'longitude': -99.140238, 'latitude': 19.2846922}","{'fullName': 'Iztapalapa, Distrito Federal', 'name': 'Iztapalapa', 'type': 'city', 'country': 'Mexico', 'countryCode': 'MX'}",19.309917325231165,-99.12243737329996,31.28km,"['ayer', 'aplicar', 'vacuna', 'moderna', 'vocacional', 'astrazeneca', 'paso', 'reaccion', 'molestia', 'extremidad', 'dolor', 'ligero', 'ardor', 'lenguo', 'levemente', 'escaldado', 'aumento', 'temperatura']"
1486342471164600331,https://twitter.com/gnajjjj/status/1486342471164600331,2022-01-26 14:17:14+00:00,Mi situaci√≥n despu√©s de que me pusieron el refuerzo de la vacuna Moderna. https://t.co/ZTNIBIQ4nI,5,2,1,"{'longitude': -99.180678, 'latitude': 19.444937}","{'fullName': 'Gustavo A. Madero, Distrito Federal', 'name': 'Gustavo A. Madero', 'type': 'city', 'country': 'Mexico', 'countryCode': 'MX'}",19.309917325231165,-99.12243737329996,31.28km,"['situacion', 'despues', 'poner', 'refuerzo', 'vacuna', 'moderna']"
1485103920460574726,https://twitter.com/Jorge_Reyes_/status/1485103920460574726,2022-01-23 04:15:41+00:00,El dolor del brazo izquierdo (consecuencia de la vacuna Moderna) bloquea el dolor que se padec√≠a en la pierna derecha por una lesi√≥n debido al ejercicio. Interesante ü§®,0,0,1,"{'longitude': -99.7825792, 'latitude': 19.0763934}","{'fullName': 'Toluca, M√©xico', 'name': 'Toluca', 'type': 'city', 'country': 'Mexico', 'countryCode': 'MX'}",19.309917325231165,-99.12243737329996,31.28km,"['dolor', 'brazo', 'izquierdo', 'consecuenciar', 'vacuna', 'moderno', 'bloquear', 'dolor', 'parecia', 'pierno', 'derecho', 'lesion', 'debido', 'ejercicio', 'interesante']"
1485006529984139264,https://twitter.com/anapauTPichardo/status/1485006529984139264,2022-01-22 21:48:41+00:00,"@angiemagneto Tienes omicron?!  Ni moderna recomienda mezclar CANSINO con su vacuna üíâ, pero ya est√°, a√∫n as√≠ ya no me pongo otra",0,0,1,"{'longitude': -99.6470277, 'latitude': 19.2156239}","{'fullName': 'Metepec, M√©xico', 'name': 'Metepec', 'type': 'city', 'country': 'Mexico', 'countryCode': 'MX'}",19.309917325231165,-99.12243737329996,31.28km,"['omicron', 'moderno', 'recomendar', 'mezclar', 'cansino', 'vacuna', 'aun', 'asi', 'pongo']"
1484357810771017730,https://twitter.com/iris_charo/status/1484357810771017730,2022-01-21 02:50:54+00:00,"Supongo que este ya es el reporte final de mi experiencia con la vacuna de Moderna. Despu√©s de la aplicaci√≥n, tuve dolor en el brazo el d√≠a de ayer, mismo que perdur√≥ hasta el d√≠a de hoy, pero se alivian√≥ con paracetamol. Y ya, eso fue todo lo que me pas√≥. P.D. Soy un robot.",6,0,0,"{'longitude': -99.118665, 'latitude': 19.484399}","{'fullName': 'Ecatepec de Morelos, M√©xico', 'name': 'Ecatepec de Morelos', 'type': 'city', 'country': 'Mexico', 'countryCode': 'MX'}",19.309917325231165,-99.12243737329996,31.28km,"['suponer', 'reportar', 'final', 'experiencia', 'vacuno', 'moderna', 'despu', 'aplicacion', 'dolor', 'brazo', 'dia', 'ayer', 'mismo', 'perdura', 'dia', 'hoy', 'aliviado', 'paracetamol', 'paso', 'robot']"
1483570486390968320,https://twitter.com/lindocanario/status/1483570486390968320,2022-01-18 22:42:22+00:00,"Hola, Dr. Frisbie. Espero que me ayude a resolver una duda. Me aplicaron la vacuna Moderna, en ka ciudad de M√©xico, el viernes 14 de enero . Tuve dolor de brazo unos d√≠as, pero desde ayer por la tarde empec√© a tener escalofr√≠os y como mareo leve.",0,0,1,"{'longitude': -99.2058092, 'latitude': 19.2970107}","{'fullName': 'Coyoac√°n, Distrito Federal', 'name': 'Coyoac√°n', 'type': 'city', 'country': 'Mexico', 'countryCode': 'MX'}",19.309917325231165,-99.12243737329996,31.28km,"['hola', 'doctor', 'frisbiar', 'esperar', 'ayude', 'resolver', 'duda', 'aplicar', 'vacuna', 'moderna', 'ka', 'ciudad', 'mexico', 'viernes', 'enero', 'dolor', 'brazo', 'dia', 'ayer', 'tarde', 'empecir', 'tener', 'escalofrio', 'mareo', 'leve']"
1483144736621871108,https://twitter.com/LaMayaFlores/status/1483144736621871108,2022-01-17 18:30:35+00:00,Apenas hoy me repuse de la #vacunamodeRNA. Me vacunaron el mi√©rcoles ü•¥ü•¥,2,0,2,"{'longitude': -99.1919955, 'latitude': 19.357102}","{'fullName': 'Benito Ju√°rez, Distrito Federal', 'name': 'Benito Ju√°rez', 'type': 'city', 'country': 'Mexico', 'countryCode': 'MX'}",19.309917325231165,-99.12243737329996,31.28km,"['apenas', 'hoy', 'repuse', 'vacunar', 'vacunar', 'miercol']"
1482468161920380929,https://twitter.com/patybetaza/status/1482468161920380929,2022-01-15 21:42:07+00:00,Informaci√≥n muy importante sobre la eficacia de la vacuna de Moderna vs Covid que se aplica a los maestros del pa√≠s. @SEP_mx @delfinagomeza üëá https://t.co/AkX1wfWpxJ,3,0,0,"{'longitude': -99.1919955, 'latitude': 19.357102}","{'fullName': 'Benito Ju√°rez, Distrito Federal', 'name': 'Benito Ju√°rez', 'type': 'city', 'country': 'Mexico', 'countryCode': 'MX'}",19.309917325231165,-99.12243737329996,31.28km,"['informacion', 'importante', 'eficacia', 'vacuno', 'moderno', 'covid', 'aplica', 'maestros', 'pais']"
1482065799909191680,https://twitter.com/reneleyvatw/status/1482065799909191680,2022-01-14 19:03:16+00:00,Tenemos vacuna de @moderna_tx refuerzo contra #Covid19 #ThankyouUSA @USAmbMex,1,0,0,"{'longitude': -99.259495, 'latitude': 19.3863707}","{'fullName': 'Miguel Hidalgo, Distrito Federal', 'name': 'Miguel Hidalgo', 'type': 'city', 'country': 'Mexico', 'countryCode': 'MX'}",19.309917325231165,-99.12243737329996,31.28km,"['vacuno', 'refuerzo', 'covid', 'thankyou']"
1482027910315876353,https://twitter.com/kattGonzalezG/status/1482027910315876353,2022-01-14 16:32:43+00:00,"Refuerzo de vacuna cansino en mayo, ahora fue Moderna.
üò∑ en Ciudad de Mexico CDMX https://t.co/SE7aY7TVTN",0,0,0,"{'longitude': -99.15506, 'latitude': 19.37632}","{'fullName': 'Benito Ju√°rez, Distrito Federal', 'name': 'Benito Ju√°rez', 'type': 'city', 'country': 'Mexico', 'countryCode': 'MX'}",19.309917325231165,-99.12243737329996,31.28km,"['refuerzo', 'vacunar', 'cansino', 'mayo', 'ahora', 'moderno', 'ciudad', 'mexico', 'como']"
1481890011251417090,https://twitter.com/Fridachacon/status/1481890011251417090,2022-01-14 07:24:45+00:00,"No me extra√±a que la vacuna  #Moderna sea TT.
Si te hace visitar a San Pedro.
ü§Øüò≠",0,0,0,"{'longitude': -99.221136, 'latitude': 19.456367}","{'fullName': 'Azcapotzalco, Distrito Federal', 'name': 'Azcapotzalco', 'type': 'city', 'country': 'Mexico', 'countryCode': 'MX'}",19.309917325231165,-99.12243737329996,31.28km,"['extran', 'vacuna', 'moderno', 'tt', 'si', 'hacer', 'visitar', 'san', 'pedro']"
1481776023918288902,https://twitter.com/adris180380/status/1481776023918288902,2022-01-13 23:51:48+00:00,Vacuna moderna aplicada...#soymaestra #Covid_19,2,0,0,"{'longitude': -98.954037, 'latitude': 19.285882}","{'fullName': 'Ixtapaluca, M√©xico', 'name': 'Ixtapaluca', 'type': 'city', 'country': 'Mexico', 'countryCode': 'MX'}",19.309917325231165,-99.12243737329996,31.28km,"['vacuna', 'moderno', 'aplicado', 'soymaestra', 'covid']"
1481742444479795201,https://twitter.com/geeoovs/status/1481742444479795201,2022-01-13 21:38:22+00:00,@Claudiashein A√∫n llevando comprobante de vacuna y certificado no la quieren aplicar por favor necesitamos una respuesta porque otra dosis diferente tampoco la ponen porque corresponde Moderna a los que recibimos CanSino,0,0,0,"{'longitude': -99.259495, 'latitude': 19.3863707}","{'fullName': 'Miguel Hidalgo, Distrito Federal', 'name': 'Miguel Hidalgo', 'type': 'city', 'country': 'Mexico', 'countryCode': 'MX'}",19.309917325231165,-99.12243737329996,31.28km,"['aun', 'llevar', 'comprobante', 'vacuna', 'certificado', 'querer', 'aplicar', 'favor', 'necesitar', 'respuesta', 'dosis', 'diferente', 'tampoco', 'poner', 'corresponder', 'moderna', 'recibir', 'cansino']"
1481677315230818304,https://twitter.com/silviarrgarces/status/1481677315230818304,2022-01-13 17:19:34+00:00,¬°Listo mi refuerzo #moderna ! Agradecida por tener una vacuna que mucha gente que se nos adelant√≥ no pudo acceder a ella üôè #Pinchecovid en TECNOLOGICO DE ESTUDIOS SUPERIORES DE ECATEPEC. TESE https://t.co/mFlqqBLIXy,0,0,1,"{'longitude': -99.04131544, 'latitude': 19.51133461}","{'fullName': 'Ecatepec de Morelos, M√©xico', 'name': 'Ecatepec de Morelos', 'type': 'city', 'country': 'Mexico', 'countryCode': 'MX'}",19.309917325231165,-99.12243737329996,31.28km,"['listo', 'refuerzo', 'moderno', 'agradecido', 'tener', 'vacuna', 'mucho', 'gente', 'adelanto', 'poder', 'acceder', 'pinchecovid', 'tecnologico', 'estudio', 'superior', 'ecatepec', 'ese']"
1479097179574841348,https://twitter.com/vhjm1967/status/1479097179574841348,2022-01-06 14:27:02+00:00,@warkentin que me puedes compartir de ka vacuna Moderna es confiable? Saludos Gaby,0,0,1,"{'longitude': -99.324375, 'latitude': 19.232228}","{'fullName': '√Ålvaro Obreg√≥n, Distrito Federal', 'name': '√Ålvaro Obreg√≥n', 'type': 'city', 'country': 'Mexico', 'countryCode': 'MX'}",19.309917325231165,-99.12243737329996,31.28km,"['poder', 'compartir', 'ka', 'vacuna', 'moderna', 'confiable', 'saludo', 'gaby']"
1478803049569259523,https://twitter.com/betoupg/status/1478803049569259523,2022-01-05 18:58:16+00:00,"√âchale el ojo @Tezcatlijota 
Aplicar√°n vacuna Moderna a personal educativo a partir del 8 de enero https://t.co/txdwg2vpmg",1,0,1,"{'longitude': -99.2058092, 'latitude': 19.2970107}","{'fullName': 'Coyoac√°n, Distrito Federal', 'name': 'Coyoac√°n', 'type': 'city', 'country': 'Mexico', 'countryCode': 'MX'}",19.309917325231165,-99.12243737329996,31.28km,"['echalir', 'ojo', 'aplicar', 'vacuna', 'moderno', 'personal', 'educativo', 'partir', 'enero']"
1478466534037090306,https://twitter.com/tonatiuhmira/status/1478466534037090306,2022-01-04 20:41:04+00:00,"No se pierdan la explicaci√≥n en TikTok de @Lakishimishi sobre el refuerzo de #vacunaüíâ con #moderna que nos van a poner a docentes que recibimos #cancino:
 üíØ
https://t.co/SFtte2oLj9",2,0,0,"{'longitude': -99.180678, 'latitude': 19.444937}","{'fullName': 'Gustavo A. Madero, Distrito Federal', 'name': 'Gustavo A. Madero', 'type': 'city', 'country': 'Mexico', 'countryCode': 'MX'}",19.309917325231165,-99.12243737329996,31.28km,"['perder', 'explicacion', 'tinto', 'refuerzo', 'vacuna', 'moderna', 'ir', 'poner', 'docente', 'recibimo', 'canino']"
1478409267480834054,https://twitter.com/reneleyvatw/status/1478409267480834054,2022-01-04 16:53:31+00:00,Muchas gracias por la donaci√≥n de la vacuna #Moderna para maestros de M√©xico. Una gentileza del pueblo norteamericano. @USAmbMex @USEmbassyMEX,0,0,0,"{'longitude': -99.259495, 'latitude': 19.3863707}","{'fullName': 'Miguel Hidalgo, Distrito Federal', 'name': 'Miguel Hidalgo', 'type': 'city', 'country': 'Mexico', 'countryCode': 'MX'}",19.309917325231165,-99.12243737329996,31.28km,"['mucho', 'gracia', 'donacion', 'vacuno', 'moderno', 'maestro', 'mexico', 'gentileza', 'pueblo', 'norteamericano']"
1476867543121993758,https://twitter.com/LockeChilango/status/1476867543121993758,2021-12-31 10:47:15+00:00,"@Lordjocamo Eso es falso, Pfizer, Moderna y otras ya recibieron, desde hace meses la aprobaci√≥n definitiva.
La vacuna Abdala no ha entregado ni la documentaci√≥n provisional. Ni siquiera ha podido dar un cronograma de cuando la va a dar...obviamente no la tiene a√∫n.",14,3,1,"{'longitude': -99.1919955, 'latitude': 19.357102}","{'fullName': 'Benito Ju√°rez, Distrito Federal', 'name': 'Benito Ju√°rez', 'type': 'city', 'country': 'Mexico', 'countryCode': 'MX'}",19.309917325231165,-99.12243737329996,31.28km,"['falso', 'pfizer', 'moderno', 'recibir', 'hacer', 'mes', 'aprobacion', 'definitivo', 'vacuno', 'abrala', 'entregado', 'documentacion', 'provisional', 'siquiera', 'poder', 'dar', 'cronograma', 'ir', 'dar', 'obviamente', 'aun']"
1476474777082773504,https://twitter.com/LockeChilango/status/1476474777082773504,2021-12-30 08:46:33+00:00,"@MarcelaSaebL @BUHO2701 @SSalud_mx @HLGatell Estamos por debajo del nivel de vacunaci√≥n de ¬°Venezuela!
Sigan aplaudiendo al #DoctorMuerte chairos.
Ahora van a querer usar ac√° la vacuna cubana que no est√° siquiera en proceso de aprobaci√≥n por la OMS y que seguro pagaremos mucho m√°s caras que las de Pfizer o Moderna",3,2,0,"{'longitude': -99.1919955, 'latitude': 19.357102}","{'fullName': 'Benito Ju√°rez, Distrito Federal', 'name': 'Benito Ju√°rez', 'type': 'city', 'country': 'Mexico', 'countryCode': 'MX'}",19.309917325231165,-99.12243737329996,31.28km,"['debajo', 'nivel', 'vacunacion', 'venezuela', 'seguir', 'aplaudir', 'doctor', 'muerte', 'chairs', 'ahora', 'ir', 'querer', 'usar', 'aca', 'vacuna', 'cubana', 'siquiera', 'proceso', 'aprobacion', 'om', 'seguro', 'pagarer', 'cara', 'pfizer', 'moderno']"
1476410360504758274,https://twitter.com/rickimsa/status/1476410360504758274,2021-12-30 04:30:34+00:00,"@Milenio Vas @yeidckol , vacuna a todos los changos de tu familia con esa vacuna. 

Nada de pedir Pfizer, ni ir a EU a vacunarlos con Moderna..  

A ti y a los tuyos les toca Abdala",0,0,0,"{'longitude': -100.613313, 'latitude': 18.3671046}","{'fullName': 'Mexico', 'name': 'Mexico', 'type': 'admin', 'country': 'Mexico', 'countryCode': 'MX'}",19.309917325231165,-99.12243737329996,31.28km,"['va', 'vacuna', 'chango', 'familio', 'vacuno', 'pedir', 'pfizer', 'ir', 'eu', 'vacunarlo', 'moderno', 'toca', 'abrala']"
1468260040163278849,https://twitter.com/CarlosDuarteBox/status/1468260040163278849,2021-12-07 16:44:07+00:00,"@alfredodelmazo @Edomex buenos d√≠as. Me registr√© en mivacuna pero a√∫n no tengo noticias para salir de un dilema tengo la vacuna Cancino me puse la moderna 1 dosis en USA me falta la 2da y por trabajo debo tener una permitida para viajar, ac√° me pudieran poner la 2da dosis moderna",0,0,1,"{'longitude': -99.7825792, 'latitude': 19.0763934}","{'fullName': 'Toluca, M√©xico', 'name': 'Toluca', 'type': 'city', 'country': 'Mexico', 'countryCode': 'MX'}",19.309917325231165,-99.12243737329996,31.28km,"['buen', 'dia', 'registrir', 'vacuna', 'aun', 'noticia', 'salir', 'dilema', 'vacuno', 'canino', 'puse', 'moderno', 'dosis', 'usar', 'falta', 'segundo', 'trabajo', 'deber', 'tener', 'permitido', 'viajar', 'aca', 'poder', 'poner', 'segundo', 'dosis', 'moderno']"
1468094054672048128,https://twitter.com/PaolaNorman/status/1468094054672048128,2021-12-07 05:44:33+00:00,El @BetoLanz y yo con reacci√≥n treinta y seis horas despu√©s de ponernos el 3¬∫ shot de la vacuna (2 de Pfizer y 1 de Moderna) y sin poder llegar a casa luego de 13 horas en aeropuertos por demoras de vuelos‚Ä¶ obvio de M√©xico. https://t.co/sAUKMINjVu,8,0,1,"{'longitude': -99.128294, 'latitude': 19.4043522}","{'fullName': 'Venustiano Carranza, Distrito Federal', 'name': 'Venustiano Carranza', 'type': 'city', 'country': 'Mexico', 'countryCode': 'MX'}",19.309917325231165,-99.12243737329996,31.28km,"['reaccion', 'treinta', 'seis', 'hora', 'despues', 'ponerno', 'shot', 'vacuna', 'pfizer', 'moderno', 'poder', 'llegar', 'casa', 'luego', 'hora', 'aeropuerto', 'demora', 'vuelo', 'obvio', 'mexico']"
1467751387710820353,https://twitter.com/TROLELLO/status/1467751387710820353,2021-12-06 07:02:54+00:00,"@Zorro_MEX @MaraJac66732547 @EduardoClark Ser√° moderna por qu√© Pfizer, al ser la √∫nica vacuna autorizada para menores, por instrucci√≥n del presidente, se reservo para esa poblaci√≥n.",0,0,0,"{'longitude': -99.180678, 'latitude': 19.444937}","{'fullName': 'Gustavo A. Madero, Distrito Federal', 'name': 'Gustavo A. Madero', 'type': 'city', 'country': 'Mexico', 'countryCode': 'MX'}",19.309917325231165,-99.12243737329996,31.28km,"['moderno', 'pfizer', 'ser', 'unicar', 'vacuna', 'autorizado', 'menor', 'instruccion', 'presidente', 'reservo', 'poblacion']"
1465690392133787654,https://twitter.com/TROLELLO/status/1465690392133787654,2021-11-30 14:33:15+00:00,@jcpicazoc @GobCDMX En la ciudad de M√©xico no se aplic√≥ la vacuna Moderna.,0,0,0,"{'longitude': -99.180678, 'latitude': 19.444937}","{'fullName': 'Gustavo A. Madero, Distrito Federal', 'name': 'Gustavo A. Madero', 'type': 'city', 'country': 'Mexico', 'countryCode': 'MX'}",19.309917325231165,-99.12243737329996,31.28km,"['ciudad', 'mexico', 'aplico', 'vacuno', 'moderno']"
1465355543149744134,https://twitter.com/Sofia71176748/status/1465355543149744134,2021-11-29 16:22:41+00:00,"@alexand26306927 @ArztinLatina @mscalavr @MinSaludCol Suecia, finlandia suspendieron el uso de la vacuna moderna, las otras  vacunas estan vigentes.",0,0,1,"{'longitude': -99.324375, 'latitude': 19.232228}","{'fullName': '√Ålvaro Obreg√≥n, Distrito Federal', 'name': '√Ålvaro Obreg√≥n', 'type': 'city', 'country': 'Mexico', 'countryCode': 'MX'}",19.309917325231165,-99.12243737329996,31.28km,"['suecia', 'finlandio', 'suspender', 'uso', 'vacuna', 'moderno', 'vacuna', 'estar', 'vigente']"
1463276323179216899,https://twitter.com/GabyGamboa_S/status/1463276323179216899,2021-11-23 22:40:36+00:00,"¬°ATENCI√ìN! 

Desde hoy y hasta el 25 de noviembre se aplicar√° la 2da dosis de la vacuna contra el #COVID19 exclusivamente a personas REZAGADAS que recibieron su primer dosis de vacuna Pfizer, Moderna o AstraZeneca y que no han completado su esquema vacunaci√≥n. https://t.co/2FCa1sycJz",41,27,1,"{'longitude': -99.6470277, 'latitude': 19.2156239}","{'fullName': 'Metepec, M√©xico', 'name': 'Metepec', 'type': 'city', 'country': 'Mexico', 'countryCode': 'MX'}",19.309917325231165,-99.12243737329996,31.28km,"['atencion', 'hoy', 'noviembre', 'aplicar', 'segundo', 'dosis', 'vacuna', 'exclusivamente', 'persona', 'rezagada', 'recibir', 'primero', 'dosis', 'vacuna', 'pfizer', 'moderno', 'astrazeneca', 'completado', 'esquema', 'vacunacion']"
1462899274115653644,https://twitter.com/Tlatoani_mx/status/1462899274115653644,2021-11-22 21:42:20+00:00,"#TomaNota ¬øVives en los municipios de #Xonacatl√°n, #Ocoyoacac, #Otzolotepec, #SanMateoAtenco o #Lerma y te falta la #SegundaDosis de la #Vacuna contra #COVID19 de #Pfizer o #Moderna? 

Acude al m√≥dulo de la explanada del Mercado Municipal de Lerma el 23,24 y 25 de noviembre. https://t.co/QjP4FIiM7i",0,0,0,"{'longitude': -99.6470277, 'latitude': 19.2156239}","{'fullName': 'Metepec, M√©xico', 'name': 'Metepec', 'type': 'city', 'country': 'Mexico', 'countryCode': 'MX'}",19.309917325231165,-99.12243737329996,31.28km,"['tomar', 'nota', 'viv', 'municipio', 'xonacatlar', 'ocoyoacac', 'otzolotepec', 'san', 'mateo', 'atento', 'lema', 'faltar', 'segundo', 'dosis', 'vacuna', 'pfizer', 'moderno', 'acudir', 'modulo', 'explanado', 'mercado', 'municipal', 'lema', 'noviembre']"
1461694700218318850,https://twitter.com/enriquereporte/status/1461694700218318850,2021-11-19 13:55:48+00:00,"Como ya se anticipaba, la #FDA #EEUUüá∫üá∏ autoriza hoy la vacuna de refuerzo para todos los mayores de 18 a√±os con dosis de #Pfizer #Moderna https://t.co/ex9cJYqfZl https://t.co/b0HchEY8Uk",0,0,0,"{'longitude': -99.7351564, 'latitude': 19.115033}","{'fullName': 'Calimaya, M√©xico', 'name': 'Calimaya', 'type': 'city', 'country': 'Mexico', 'countryCode': 'MX'}",19.309917325231165,-99.12243737329996,31.28km,"['anticipar', 'autorizar', 'hoy', 'vacuna', 'refuerzo', 'mayor', 'ano', 'dosis', 'pfizer', 'moderno']"
1454452857390960649,https://twitter.com/TROLELLO/status/1454452857390960649,2021-10-30 14:19:18+00:00,@Sol19891988 @GobCDMX En la ciudad de M√©xico no se aplic√≥ la vacuna Moderna.,1,0,0,"{'longitude': -99.1843501, 'latitude': 19.3998346}","{'fullName': 'Cuauht√©moc, Distrito Federal', 'name': 'Cuauht√©moc', 'type': 'city', 'country': 'Mexico', 'countryCode': 'MX'}",19.309917325231165,-99.12243737329996,31.28km,"['ciudad', 'mexico', 'aplico', 'vacuno', 'moderno']"
1453720577890467842,https://twitter.com/Sofia71176748/status/1453720577890467842,2021-10-28 13:49:29+00:00,@Devils_Iawyer Ahi habla de la vacuna Moderna no de todas las vacunas.,0,0,0,"{'longitude': -99.1919955, 'latitude': 19.357102}","{'fullName': 'Benito Ju√°rez, Distrito Federal', 'name': 'Benito Ju√°rez', 'type': 'city', 'country': 'Mexico', 'countryCode': 'MX'}",19.309917325231165,-99.12243737329996,31.28km,"['ahi', 'hablar', 'vacuna', 'moderna', 'todo', 'vacuna']"
1447764271908237312,https://twitter.com/Maperez324/status/1447764271908237312,2021-10-12 03:21:15+00:00,Moderna no compartir√° la f√≥rmula de su vacuna contra covid; prefiere elaborar m√°s https://t.co/7oBD8kSzWm,0,0,0,"{'longitude': -99.1919955, 'latitude': 19.357102}","{'fullName': 'Benito Ju√°rez, Distrito Federal', 'name': 'Benito Ju√°rez', 'type': 'city', 'country': 'Mexico', 'countryCode': 'MX'}",19.309917325231165,-99.12243737329996,31.28km,"['moderna', 'compartir', 'formula', 'vacuno', 'covid', 'preferir', 'elaborar']"
1444666087732350976,https://twitter.com/MetepecGobierno/status/1444666087732350976,2021-10-03 14:10:10+00:00,"Iniciamos con muy buena respuesta la aplicaci√≥n de la vacuna MODERNA a j√≥venes de 18 a 29 a√±os de edad, en el segundo d√≠a de la jornada de vacunaci√≥n. 

Es importante concluir tu esquema de vacunaci√≥n para estar m√°s protegido frente al #COVID19. ¬°Vac√∫nate! https://t.co/fvlVZVdPpr",19,3,0,"{'longitude': -99.6470277, 'latitude': 19.2156239}","{'fullName': 'Metepec, M√©xico', 'name': 'Metepec', 'type': 'city', 'country': 'Mexico', 'countryCode': 'MX'}",19.309917325231165,-99.12243737329996,31.28km,"['iniciar', 'buen', 'respuesta', 'aplicacion', 'vacuna', 'moderno', 'joven', 'ano', 'edad', 'segundo', 'dia', 'jornada', 'vacunacion', 'importante', 'concluir', 'esquema', 'vacunacion', 'protegido', 'frente', 'vacunarte']"
1444298324719423499,https://twitter.com/MetepecGobierno/status/1444298324719423499,2021-10-02 13:48:49+00:00,"@RedDevilGeorge Buenos d√≠as, se estar√° aplicando la vacuna MODERNA. ¬°Saludos! https://t.co/YY2cO0i07g",1,1,0,"{'longitude': -99.6470277, 'latitude': 19.2156239}","{'fullName': 'Metepec, M√©xico', 'name': 'Metepec', 'type': 'city', 'country': 'Mexico', 'countryCode': 'MX'}",19.309917325231165,-99.12243737329996,31.28km,"['buen', 'dia', 'aplicar', 'vacuna', 'moderna', 'saludo']"
1444095592934907904,https://twitter.com/MetepecGobierno/status/1444095592934907904,2021-10-02 00:23:14+00:00,"Consulta los documentos a presentar y las recomendaciones para recibir tu segunda dosis de la vacuna MODERNA contra el #COVID19, si tienes entre 18 a 29 a√±os de edad. En Metepec continuamos cuidando tu salud. #MetepecLaCasaDeTodos https://t.co/sQJdUwojnC",41,21,0,"{'longitude': -99.6470277, 'latitude': 19.2156239}","{'fullName': 'Metepec, M√©xico', 'name': 'Metepec', 'type': 'city', 'country': 'Mexico', 'countryCode': 'MX'}",19.309917325231165,-99.12243737329996,31.28km,"['consultar', 'documento', 'presentar', 'recomendacion', 'recibir', 'segundo', 'dosis', 'vacuna', 'moderno', 'si', 'edad', 'metete', 'continuamo', 'cuidar', 'salud', 'metete', 'casa']"
1444020513915944973,https://twitter.com/MetepecGobierno/status/1444020513915944973,2021-10-01 19:24:53+00:00,"Recuerda que la vacuna que se aplicar√° en la jornada de vacunaci√≥n para las personas de 18 a 29 a√±os, que inicia ser√° la MODERNA. 

En Metepec continuamos cuidando tu salud. #MetepecLaCasaDeTodos https://t.co/JrscpGlr5d",19,11,0,"{'longitude': -99.6470277, 'latitude': 19.2156239}","{'fullName': 'Metepec, M√©xico', 'name': 'Metepec', 'type': 'city', 'country': 'Mexico', 'countryCode': 'MX'}",19.309917325231165,-99.12243737329996,31.28km,"['recordar', 'vacuna', 'aplicaro', 'jornada', 'vacunacion', 'persona', 'ano', 'iniciar', 'moderno', 'metete', 'continuamo', 'cuidar', 'salud', 'metete', 'casa']"
1443755434343636995,https://twitter.com/MetepecGobierno/status/1443755434343636995,2021-10-01 01:51:33+00:00,"Ubica tu sede, fecha y horario para recibir la segunda dosis de la vacuna contra el #COVID19. 

Vacuna MODERNA. Poblaci√≥n 18 a 29 a√±os.

La aplicaci√≥n ser√° del 2 al 5 de octubre en un horario de 9:00 AM a 5:00 PM. 

üëâ https://t.co/V25V2z7VkE https://t.co/9HRYXsB4v5",25,9,0,"{'longitude': -99.6470277, 'latitude': 19.2156239}","{'fullName': 'Metepec, M√©xico', 'name': 'Metepec', 'type': 'city', 'country': 'Mexico', 'countryCode': 'MX'}",19.309917325231165,-99.12243737329996,31.28km,"['ubicar', 'sede', 'fecha', 'horario', 'recibir', 'segundo', 'dosis', 'vacuna', 'vacuna', 'moderno', 'poblacion', 'ano', 'aplicacion', 'octubre', 'horariir', 'am', 'pm']"
1443257260000649222,https://twitter.com/MetepecGobierno/status/1443257260000649222,2021-09-29 16:51:59+00:00,"¬°ATENCI√ìN!

Ya viene la segunda dosis de vacunaci√≥n contra el COVID-19, para la poblaci√≥n de 18 a 29 a√±os de edad. 
¬°Vacuna MODERNA!

La aplicaci√≥n ser√° del 2 al 5 de octubre en un horario de 9:00 AM a 5:00 PM. ¬°Vac√∫nate, sigamos combatiendo esta pandemia! https://t.co/XYfSed3Czl",150,60,15,"{'longitude': -99.6470277, 'latitude': 19.2156239}","{'fullName': 'Metepec, M√©xico', 'name': 'Metepec', 'type': 'city', 'country': 'Mexico', 'countryCode': 'MX'}",19.309917325231165,-99.12243737329996,31.28km,"['atencion', 'venir', 'segundo', 'dosis', 'vacunacion', 'covid', 'poblacion', 'ano', 'edad', 'vacuna', 'moderno', 'aplicacion', 'octubre', 'horariir', 'am', 'pm', 'vacunarte', 'seguir', 'combatir', 'pandemia']"
1443256476231929869,https://twitter.com/GabyGamboa_S/status/1443256476231929869,2021-09-29 16:48:52+00:00,"¬°ATENCI√ìN!

Ya viene la segunda dosis de vacunaci√≥n contra el COVID-19, para la poblaci√≥n de 18 a 29 a√±os de edad. 
¬°Vacuna MODERNA!

La aplicaci√≥n ser√° del 2 al 5 de octubre en un horario de 9:00 AM a 5:00 PM. ¬°Vac√∫nate, sigamos combatiendo esta pandemia! https://t.co/kw1ucnPdVP",60,43,0,"{'longitude': -99.6470277, 'latitude': 19.2156239}","{'fullName': 'Metepec, M√©xico', 'name': 'Metepec', 'type': 'city', 'country': 'Mexico', 'countryCode': 'MX'}",19.309917325231165,-99.12243737329996,31.28km,"['atencion', 'venir', 'segundo', 'dosis', 'vacunacion', 'covid', 'poblacion', 'ano', 'edad', 'vacuna', 'moderno', 'aplicacion', 'octubre', 'horariir', 'am', 'pm', 'vacunarte', 'seguir', 'combatir', 'pandemia']"
1440308502157660170,https://twitter.com/JuliaMarinissen/status/1440308502157660170,2021-09-21 13:34:41+00:00,"Que emoci√≥n! Celebrando un nuevo arribo de vacuna de Moderna de üá∫üá∏ a üá≤üáΩ
#juntoscontraelcovid19 https://t.co/NGpwhFBDHY",16,2,0,"{'longitude': -99.56246137619019, 'latitude': 19.318514331461248}","{'fullName': 'FedEx Toluca', 'name': 'FedEx Toluca', 'type': 'poi', 'country': 'Mexico', 'countryCode': 'MX'}",19.309917325231165,-99.12243737329996,31.28km,"['emocion', 'celebrar', 'nuevo', 'arribar', 'vacuna', 'moderno', 'juntoscontraelcovid']"
1438979592920969220,https://twitter.com/roy_garza/status/1438979592920969220,2021-09-17 21:34:04+00:00,Vacuna de Moderna contra el covid-19 es la m√°s efectiva ‚Äì Noticieros Televisa https://t.co/DtUveqzxIs,0,0,0,"{'longitude': -99.7825792, 'latitude': 19.0763934}","{'fullName': 'Toluca, M√©xico', 'name': 'Toluca', 'type': 'city', 'country': 'Mexico', 'countryCode': 'MX'}",19.309917325231165,-99.12243737329996,31.28km,"['vacuna', 'moderno', 'covid', 'efectivo', 'noticiero', 'televisa']"
1437386469719650307,https://twitter.com/Alejand15407818/status/1437386469719650307,2021-09-13 12:03:34+00:00,@Forbes_Mexico Y yo que ni vacuna Moderna alcanc√©... üßêü§°,0,0,0,"{'longitude': -99.128294, 'latitude': 19.4043522}","{'fullName': 'Venustiano Carranza, Distrito Federal', 'name': 'Venustiano Carranza', 'type': 'city', 'country': 'Mexico', 'countryCode': 'MX'}",19.309917325231165,-99.12243737329996,31.28km,"['vacuna', 'moderno', 'alcance']"
1436434854745460741,https://twitter.com/AlainVaer/status/1436434854745460741,2021-09-10 21:02:11+00:00,@MaricarmenRubi6 @DIFAtizapanZ Est√°n con la vacuna de moderna,0,0,0,"{'longitude': -99.1843501, 'latitude': 19.3998346}","{'fullName': 'Cuauht√©moc, Distrito Federal', 'name': 'Cuauht√©moc', 'type': 'city', 'country': 'Mexico', 'countryCode': 'MX'}",19.309917325231165,-99.12243737329996,31.28km,"['vacuna', 'moderna']"
1434311766314520581,https://twitter.com/AllanSerch/status/1434311766314520581,2021-09-05 00:25:47+00:00,"¬°Ay qu√© dolor!, mi brazo üí™üèΩüò¢Si esta potente la vacuna de la moderna",1,0,2,"{'longitude': -99.9024488, 'latitude': 19.0714677}","{'fullName': 'Zinacantepec, M√©xico', 'name': 'Zinacantepec', 'type': 'city', 'country': 'Mexico', 'countryCode': 'MX'}",19.309917325231165,-99.12243737329996,31.28km,"['ay', 'dolor', 'brazo', 'si', 'potente', 'vacuna', 'moderno']"
1434228160053354506,https://twitter.com/Altervic/status/1434228160053354506,2021-09-04 18:53:34+00:00,"Escuche que en Metepec hay poca afluencia en el centro de vacunaci√≥n de Tecnol√≥gico. V√ÅYANSE A VACUNAR, es lo mejor que pueden hacer por ustedes, su familia, sus amigos y por todo el pa√≠s.
La vacuna que est√°n aplicando es MODERNA.",0,0,1,"{'longitude': -99.6470277, 'latitude': 19.2156239}","{'fullName': 'Metepec, M√©xico', 'name': 'Metepec', 'type': 'city', 'country': 'Mexico', 'countryCode': 'MX'}",19.309917325231165,-99.12243737329996,31.28km,"['escuche', 'metetir', 'poco', 'afluencia', 'centro', 'vacunacion', 'tecnologico', 'vayanse', 'vacunar', 'mejor', 'poder', 'hacer', 'tu', 'familio', 'amigo', 'pais', 'vacuna', 'aplicar', 'moderna']"
1433976072144445444,https://twitter.com/aggfin1/status/1433976072144445444,2021-09-04 02:11:52+00:00,MODERNA me est√° dando con todo #VacunacionCDMX #vacuna,0,0,0,"{'longitude': -99.4041647, 'latitude': 19.3059713}","{'fullName': 'Huixquilucan, M√©xico', 'name': 'Huixquilucan', 'type': 'city', 'country': 'Mexico', 'countryCode': 'MX'}",19.309917325231165,-99.12243737329996,31.28km,"['moderna', 'dar', 'vacunacion', 'vacuna']"
1433188841721155586,https://twitter.com/mariannncadena/status/1433188841721155586,2021-09-01 22:03:41+00:00,"@PeraltaIsidoro @AnaLiliaHerrera @LauraBarreraF Buenas tardes, con mucho gusto le comparto los requisitos y las sedes de Metepec. 

üíâ La vacuna que se aplicar√° es la moderna. 

¬°Excelente tarde! https://t.co/97jTbmuSbN",2,0,0,"{'longitude': -99.6470277, 'latitude': 19.2156239}","{'fullName': 'Metepec, M√©xico', 'name': 'Metepec', 'type': 'city', 'country': 'Mexico', 'countryCode': 'MX'}",19.309917325231165,-99.12243737329996,31.28km,"['buena', 'tarde', 'gusto', 'compartir', 'requisito', 'sed', 'metete', 'vacuna', 'aplicaro', 'moderno', 'excelente', 'tarde']"
1433114041887727617,https://twitter.com/Alexarevalotap/status/1433114041887727617,2021-09-01 17:06:28+00:00,"Hablando de Vacunas y este wey se la mmo!!

#covid_19 #vacunamoderna  #memesespa√±ol en Toluca, Mexico https://t.co/bKWaZGUMzq",0,0,0,"{'longitude': -99.655794, 'latitude': 19.289341}","{'fullName': 'Toluca, M√©xico', 'name': 'Toluca', 'type': 'city', 'country': 'Mexico', 'countryCode': 'MX'}",19.309917325231165,-99.12243737329996,31.28km,"['hablar', 'vacuna', 'wey', 'mio', 'covid', 'vacunamoderna', 'memesespanol', 'tocar', 'mexico']"
1432492048851034112,https://twitter.com/fernandodenero/status/1432492048851034112,2021-08-30 23:54:53+00:00,"Me toc√≥ vacuna Moderna y ya escribo: ""GPI"", ""unboxing"", ""Y la üßÄporte"".
Me modernic√© en putiza ¬øViste?",4,0,1,"{'longitude': -99.7825792, 'latitude': 19.0763934}","{'fullName': 'Toluca, M√©xico', 'name': 'Toluca', 'type': 'city', 'country': 'Mexico', 'countryCode': 'MX'}",19.309917325231165,-99.12243737329996,31.28km,"['tocar', 'vacuna', 'moderno', 'escribo', 'pi', 'boxing', 'porte', 'modernice', 'putito', 'viste']"
1431346576040026118,https://twitter.com/paco_dealba/status/1431346576040026118,2021-08-27 20:03:11+00:00,"""Jap√≥n suspende 1.63 millones de dosis de la vacuna Moderna por contaminaci√≥n""  https://t.co/1JKt8Q4Ap6",1,0,0,"{'longitude': -99.413769, 'latitude': 19.412031}","{'fullName': 'Naucalpan de Ju√°rez, M√©xico', 'name': 'Naucalpan de Ju√°rez', 'type': 'city', 'country': 'Mexico', 'countryCode': 'MX'}",19.309917325231165,-99.12243737329996,31.28km,"['japon', 'suspender', 'millon', 'dosis', 'vacuna', 'moderno', 'contaminacion']"
1430873081678110724,https://twitter.com/JEVidaurri/status/1430873081678110724,2021-08-26 12:41:41+00:00,"ü§î

Jap√≥n suspende ""como medida de precauci√≥n"" el uso de 1.630.000 de dosis de la vacuna contra el #coronavirus de Moderna tras hallar ""sustancias an√≥malas"" en uno de los lotes recibidos https://t.co/NT8rkBJMw8 https://t.co/eCu3z5zPls",0,0,0,"{'longitude': -99.7825792, 'latitude': 19.0763934}","{'fullName': 'Toluca, M√©xico', 'name': 'Toluca', 'type': 'city', 'country': 'Mexico', 'countryCode': 'MX'}",19.309917325231165,-99.12243737329996,31.28km,"['japon', 'suspender', 'medido', 'precaucion', 'uso', 'dosis', 'vacuna', 'coronavirus', 'moderno', 'tras', 'hallar', 'sustancia', 'anomalia', 'lot', 'recibido']"
1430544384731254790,https://twitter.com/godinezvirtual/status/1430544384731254790,2021-08-25 14:55:34+00:00,"@DestinosSLP Por ejemplo en Francia piden la autorizaci√≥n de ambos padres y que solo sea autorizado la vacuna moderna para el rango de 12 a 17‚Ä¶ hablar es muy f√°cil y exigir. 
Gente como t√∫ apesta.",2,0,0,"{'longitude': -99.324375, 'latitude': 19.232228}","{'fullName': '√Ålvaro Obreg√≥n, Distrito Federal', 'name': '√Ålvaro Obreg√≥n', 'type': 'city', 'country': 'Mexico', 'countryCode': 'MX'}",19.309917325231165,-99.12243737329996,31.28km,"['ejemplo', 'francia', 'pedir', 'autorizacion', 'ambos', 'padre', 'solo', 'autorizado', 'vacuna', 'moderno', 'rango', 'hablar', 'facil', 'exigir', 'gente', 'apesta']"
1429994631995998211,https://twitter.com/MelinaOchoaN/status/1429994631995998211,2021-08-24 02:31:02+00:00,"Ma√±ana 24 de agosto, provenientes de Estados Unidos, por primera vez llegar√°n un mill√≥n 750 mil dosis de la vacuna Moderna, con la denominaci√≥n distintiva Spikevax, inform√≥ @SSalud_mx https://t.co/mFeLkRTAjX",2,0,0,"{'longitude': -99.259495, 'latitude': 19.3863707}","{'fullName': 'Miguel Hidalgo, Distrito Federal', 'name': 'Miguel Hidalgo', 'type': 'city', 'country': 'Mexico', 'countryCode': 'MX'}",19.309917325231165,-99.12243737329996,31.28km,"['manana', 'agosto', 'proveniente', 'unido', 'primero', 'vez', 'llegar', 'millon', 'mil', 'dosis', 'vacuna', 'moderno', 'denominacion', 'distintivo', 'spikevax', 'informo']"
1428200597472223235,https://twitter.com/robertito_tilo/status/1428200597472223235,2021-08-19 03:42:11+00:00,Ya va a llegar la vacuna @moderna_tx a M√©xico‚Ä¶ ahora si ver√°n lo que es una reacci√≥n de a madres!!,4,0,2,"{'longitude': -99.1843501, 'latitude': 19.3998346}","{'fullName': 'Cuauht√©moc, Distrito Federal', 'name': 'Cuauht√©moc', 'type': 'city', 'country': 'Mexico', 'countryCode': 'MX'}",19.309917325231165,-99.12243737329996,31.28km,"['ir', 'llegar', 'vacuna', 'mexico', 'ahora', 'si', 'verar', 'reaccion', 'madr']"
1428019749796077576,https://twitter.com/JeaneteAlcantar/status/1428019749796077576,2021-08-18 15:43:34+00:00,#√öltimaHora Cofepris autoriza uso de emergencia de vacuna #Moderna contra #COVID19 https://t.co/YqOeZ24wsL,0,0,0,"{'longitude': -99.140238, 'latitude': 19.2846922}","{'fullName': 'Iztapalapa, Distrito Federal', 'name': 'Iztapalapa', 'type': 'city', 'country': 'Mexico', 'countryCode': 'MX'}",19.309917325231165,-99.12243737329996,31.28km,"['ultimo', 'hora', 'compris', 'autorizar', 'uso', 'emergencia', 'vacuno', 'moderno']"
1427660941353799684,https://twitter.com/danielaobregons/status/1427660941353799684,2021-08-17 15:57:47+00:00,"3.5 millones de dosis de vacuna contra el covid-19 de Moderna llegar√°n al aeropuerto de Toluca, son donaci√≥n de Estados Unidos.",17,1,1,"{'longitude': -99.315748, 'latitude': 19.087511}","{'fullName': 'Tlalpan, Distrito Federal', 'name': 'Tlalpan', 'type': 'city', 'country': 'Mexico', 'countryCode': 'MX'}",19.309917325231165,-99.12243737329996,31.28km,"['millon', 'dosis', 'vacuna', 'covid', 'moderno', 'llegar', 'aeropuerto', 'tocar', 'donacion', 'unidos']"
1426166991942004740,https://twitter.com/DeepDarknessGuy/status/1426166991942004740,2021-08-13 13:01:22+00:00,"Noticia importante!!! 

Tercera dosis de vacuna Pfizer y Moderna para personas con inmunodepresi√≥n‚Ä¶ https://t.co/F9XaQNoFTE",1,0,0,"{'longitude': -99.324375, 'latitude': 19.232228}","{'fullName': '√Ålvaro Obreg√≥n, Distrito Federal', 'name': '√Ålvaro Obreg√≥n', 'type': 'city', 'country': 'Mexico', 'countryCode': 'MX'}",19.309917325231165,-99.12243737329996,31.28km,"['noticia', 'importante', 'tercero', 'dosis', 'vacuna', 'pfizer', 'moderno', 'persona', 'inmunodepresion']"
1425830564112867328,https://twitter.com/lilaabed/status/1425830564112867328,2021-08-12 14:44:31+00:00,"üíâ Se espera que la @US_FDA autorice una tercera dosis de la vacuna contra #COVID19 para ciertas personas con sistemas inmunol√≥gicos debilitados.

La decisi√≥n de expandir el uso de emergencia de las vacunas Pfizer y Moderna ser√≠a para proteger a este sector contra la cepa delta.",60,9,5,"{'longitude': -99.259495, 'latitude': 19.3863707}","{'fullName': 'Miguel Hidalgo, Distrito Federal', 'name': 'Miguel Hidalgo', 'type': 'city', 'country': 'Mexico', 'countryCode': 'MX'}",19.309917325231165,-99.12243737329996,31.28km,"['esperar', 'autorizar', 'tercero', 'dosis', 'vacuna', 'cierto', 'persona', 'sistema', 'inmunologico', 'debilitado', 'decision', 'expandir', 'uso', 'emergencia', 'vacuno', 'pfizer', 'moderno', 'proteger', 'sector', 'cepa', 'delta']"
1425076060312453131,https://twitter.com/dbeniteza/status/1425076060312453131,2021-08-10 12:46:24+00:00,"Estados Unidos no s√≥lo donar√° 3.5 millones de vacuna Moderna, pendiente de ser avalada por Cofrepris, sino tambi√©n hasta 5 millones de Astrazeneca; llegar√°n en agosto, inform√≥ @m_ebrard https://t.co/UBXKF2KDe3",1,0,0,"{'longitude': -99.1843501, 'latitude': 19.3998346}","{'fullName': 'Cuauht√©moc, Distrito Federal', 'name': 'Cuauht√©moc', 'type': 'city', 'country': 'Mexico', 'countryCode': 'MX'}",19.309917325231165,-99.12243737329996,31.28km,"['unido', 'solo', 'donar', 'millon', 'vacuno', 'moderna', 'pendiente', 'ser', 'avalar', 'cofrepri', 'sino', 'millon', 'astrazeneca', 'llegar', 'agosto', 'informo']"
1421148661828882433,https://twitter.com/Aralaquimica/status/1421148661828882433,2021-07-30 16:40:19+00:00,"@octam2 @JanCarl33753574 @Foro_TV Habr√≠a que confirmar si fue vacunado o no. En todas las vacunas existe el riesgo de enfermar. Ninguna vacuna Covid-19 tiene 100% de efectividad. Pfizer, Moderna y Sputnik arriba del 90%, AstraZ ~65%. Sinuvac 50%. Y varias haciendo estudios para confirmar necesidad de una 3 dosis.",1,0,0,"{'longitude': -99.315748, 'latitude': 19.087511}","{'fullName': 'Tlalpan, Distrito Federal', 'name': 'Tlalpan', 'type': 'city', 'country': 'Mexico', 'countryCode': 'MX'}",19.309917325231165,-99.12243737329996,31.28km,"['confirmar', 'si', 'vacunar', 'todo', 'vacuna', 'existir', 'riesgo', 'enfermar', 'ninguno', 'vacuna', 'covid', 'efectividad', 'pfizer', 'moderno', 'sputnik', 'arriba', 'astral', 'sinusal', 'varios', 'hacer', 'estudio', 'confirmar', 'necesidad', 'dosis']"
1419057342725951491,https://twitter.com/TROLELLO/status/1419057342725951491,2021-07-24 22:10:09+00:00,@mDamn6 @carlos_COGC @GobCDMX @pfizer @moderna_tx @AstraZeneca Hoy en la ma√±ana. Te recuerdo que est√° semana que pas√≥ se permiti√≥ para que se vacunar a todos los resagados y que no ten√≠a ninguna vacuna mayores de 30 a√±os. Pero ya regresamos al sistema de que solo se vacunan en la alcald√≠a que resides.,0,0,0,"{'longitude': -99.180678, 'latitude': 19.444937}","{'fullName': 'Gustavo A. Madero, Distrito Federal', 'name': 'Gustavo A. Madero', 'type': 'city', 'country': 'Mexico', 'countryCode': 'MX'}",19.309917325231165,-99.12243737329996,31.28km,"['hoy', 'manana', 'recordar', 'semana', 'paso', 'permitio', 'vacunar', 'rezagado', 'ninguno', 'vacuna', 'mayor', 'ano', 'regresar', 'sistema', 'solo', 'vacunar', 'alcaldiir', 'resid']"
1419005611451326465,https://twitter.com/AnhuiL8/status/1419005611451326465,2021-07-24 18:44:36+00:00,"Ustedes que todo lo saben ¬ødeber√≠a de vacunarme con la #pfizer ? Ya tengo la AZ.
Una dosis de la vacuna de Pfizer o de Moderna despu√©s de una dosis de AztraZeneca provee altos niveles de anticuerpos neutralizantes (m√°s altos que dos dosis de AztraZeneca),",0,0,1,"{'longitude': -99.324375, 'latitude': 19.232228}","{'fullName': '√Ålvaro Obreg√≥n, Distrito Federal', 'name': '√Ålvaro Obreg√≥n', 'type': 'city', 'country': 'Mexico', 'countryCode': 'MX'}",19.309917325231165,-99.12243737329996,31.28km,"['tu', 'saber', 'deberia', 'vacunar', 'pfizer', 'az', 'dosis', 'vacuna', 'pfizer', 'moderno', 'despues', 'dosis', 'astrazeneca', 'provee', 'alto', 'nivel', 'anticuerpo', 'neutralizante', 'alto', 'dos', 'dosis', 'astrazeneca']"
1416840427429376005,https://twitter.com/AlmaRoColibri/status/1416840427429376005,2021-07-18 19:20:56+00:00,La Vacuna de Moderna üíâ contra el Covid19 üò∑ https://t.co/uT2rzAIAgo,1,0,0,"{'longitude': -99.067766, 'latitude': 19.3668621}","{'fullName': 'Nezahualc√≥yotl, M√©xico', 'name': 'Nezahualc√≥yotl', 'type': 'city', 'country': 'Mexico', 'countryCode': 'MX'}",19.309917325231165,-99.12243737329996,31.28km,"['vacuna', 'moderno', 'covid']"
1412833253644328960,https://twitter.com/Padawanmx/status/1412833253644328960,2021-07-07 17:57:51+00:00,"@doctormacias Estimado Doctor, buenas tardes. Si me permite importunarlo, me gustar√≠a saber, por favor, si en mi caso en particular, q fui vacunado con Sputnik (solo 1a dosis), podr√© vacunarme con otro tipo de vacuna, c√≥mo lPfizer o Moderna, despu√©s de completar mi esquema. Muchas gracias.",0,0,1,"{'longitude': -99.259495, 'latitude': 19.3863707}","{'fullName': 'Miguel Hidalgo, Distrito Federal', 'name': 'Miguel Hidalgo', 'type': 'city', 'country': 'Mexico', 'countryCode': 'MX'}",19.309917325231165,-99.12243737329996,31.28km,"['estimado', 'doctor', 'buena', 'tarde', 'si', 'permitir', 'importunar', 'gustaria', 'saber', 'favor', 'si', 'caso', 'particular', 'vacunado', 'sputnik', 'solo', 'dosis', 'podre', 'vacunar', 'tipo', 'vacuna', 'como', 'pfizer', 'moderno', 'despues', 'completar', 'esquema', 'mucho', 'gracia']"
1409742201458941952,https://twitter.com/GabaMaiden/status/1409742201458941952,2021-06-29 05:15:07+00:00,"La cient√≠fica Sarah Gilbert üë©‚Äçüî¨üß™¬†recibi√≥ por la vacuna¬†AstraZeneca üíâ¬†el¬†Premio Princesa de Asturias de Investigaci√≥n y T√©cnica 2021, ü•áal igual que otros seis cient√≠ficos, üë®‚Äçüî¨que desarrollaron las variantes üß™ de¬†Pfizer/BioNTech¬†y¬†Moderna. üíâ https://t.co/2DQlqWtKyB",0,0,0,"{'longitude': -99.1843501, 'latitude': 19.3998346}","{'fullName': 'Cuauht√©moc, Distrito Federal', 'name': 'Cuauht√©moc', 'type': 'city', 'country': 'Mexico', 'countryCode': 'MX'}",19.309917325231165,-99.12243737329996,31.28km,"['cientifico', 'sarah', 'gilbert', 'recibio', 'vacuno', 'astrazeneca', 'premio', 'princesar', 'astucia', 'investigacion', 'tecnicar', 'igual', 'seis', 'cientifico', 'desarrollar', 'variante', 'pfizer', 'biontech', 'moderno']"
1409671306816090118,https://twitter.com/JezMex/status/1409671306816090118,2021-06-29 00:33:24+00:00,"Por lo tanto la vacuna: 
-No mata tus c√©lulas 
-No modifica tu DNA
- la prote√≠na spike que se produce por la vacuna de Pfizer o Moderna, es diferente a la que tiene el SARS COV-2 

LAS VACUNAS SON SEGURAS 3/",7,2,1,"{'longitude': -99.1843501, 'latitude': 19.3998346}","{'fullName': 'Cuauht√©moc, Distrito Federal', 'name': 'Cuauht√©moc', 'type': 'city', 'country': 'Mexico', 'countryCode': 'MX'}",19.309917325231165,-99.12243737329996,31.28km,"['vacuna', 'mata', 'celula', 'modifico', 'dna', 'proteinar', 'spike', 'producir', 'vacuno', 'pfizer', 'moderno', 'diferente', 'sars', 'cov', 'vacuna', 'seguro']"
1407418054976458754,https://twitter.com/edersio/status/1407418054976458754,2021-06-22 19:19:47+00:00,Mi fantas√≠a ser√≠a que me pusieran la vacuna Moderna as√≠ como yo. üíÖüèª aysi La Moderna ni lleg√≥ a M√©xico ‚òπÔ∏è,4,0,2,"{'longitude': -99.259495, 'latitude': 19.3863707}","{'fullName': 'Miguel Hidalgo, Distrito Federal', 'name': 'Miguel Hidalgo', 'type': 'city', 'country': 'Mexico', 'countryCode': 'MX'}",19.309917325231165,-99.12243737329996,31.28km,"['fantasia', 'poner', 'vacuna', 'moderno', 'asi', 'asi', 'moderna', 'llego', 'mexico']"
1395382033703178241,https://twitter.com/CruzieFer/status/1395382033703178241,2021-05-20 14:12:56+00:00,"El requisito es tener la vacuna de Pfizer, Moderna, AstraZeneca o Johnson &amp; Johnson.
Las vacunas CanSino y Sputnik a√∫n no est√°n aprobadas por la EMA, entonces los turistas que hayan recibido estas dosis deben esperar ‚Äîa menos que alguno de los 27 pa√≠ses europeos decida incluirlas https://t.co/08WUnSXfAb",1,0,0,"{'longitude': -99.180678, 'latitude': 19.444937}","{'fullName': 'Gustavo A. Madero, Distrito Federal', 'name': 'Gustavo A. Madero', 'type': 'city', 'country': 'Mexico', 'countryCode': 'MX'}",19.309917325231165,-99.12243737329996,31.28km,"['requisito', 'tener', 'vacuna', 'pfizer', 'moderno', 'astrazeneca', 'johnson', 'amp', 'johnson', 'vacuna', 'cansino', 'sputnik', 'aun', 'aprobada', 'ema', 'entonces', 'turista', 'recibido', 'dosis', 'deber', 'esperar', 'de', 'menos', 'alguno', 'pais', 'europeo', 'decidir', 'incluirla']"
1372979948609269771,https://twitter.com/kutziquetzal/status/1372979948609269771,2021-03-19 18:35:03+00:00,"A mi pap√° le pusieron su primera dosis de la vacuna ""Moderna"" y pues estoy muy feliz ‚ù§Ô∏è",3,0,0,"{'longitude': -99.259495, 'latitude': 19.3863707}","{'fullName': 'Miguel Hidalgo, Distrito Federal', 'name': 'Miguel Hidalgo', 'type': 'city', 'country': 'Mexico', 'countryCode': 'MX'}",19.309917325231165,-99.12243737329996,31.28km,"['papa', 'poner', 'primero', 'dosis', 'vacuna', 'moderno', 'pues', 'feliz']"
1371864099387289600,https://twitter.com/LuzMari40455582/status/1371864099387289600,2021-03-16 16:41:03+00:00,"Moderna inicia las pruebas de su vacuna en ni√±os y beb√©s desde los 6 meses de edad - RT
Solo los padres ignorantes y que no quieren a sus hijos van a permitir esta aberraci√≥n https://t.co/B1uExO7g8h",0,0,0,"{'longitude': -99.2058092, 'latitude': 19.2970107}","{'fullName': 'Coyoac√°n, Distrito Federal', 'name': 'Coyoac√°n', 'type': 'city', 'country': 'Mexico', 'countryCode': 'MX'}",19.309917325231165,-99.12243737329996,31.28km,"['moderno', 'iniciar', 'prueba', 'vacuno', 'nino', 'beb', 'meses', 'edad', 'rt', 'solo', 'padre', 'ignorante', 'querer', 'hijo', 'ir', 'permitir', 'aberracion']"
1364411858145349633,https://twitter.com/renealonso05/status/1364411858145349633,2021-02-24 03:08:31+00:00,Achis apoco moderna hizo una vacuna contra el COVID ü§î Pens√© que nomas hac√≠an pastas y sopas,3,0,1,"{'longitude': -99.6470277, 'latitude': 19.2156239}","{'fullName': 'Metepec, M√©xico', 'name': 'Metepec', 'type': 'city', 'country': 'Mexico', 'countryCode': 'MX'}",19.309917325231165,-99.12243737329996,31.28km,"['chis', 'apoco', 'moderno', 'hacer', 'vacuna', 'covid', 'pense', 'noma', 'hacian', 'pastos', 'sopa']"
1362101993632849922,https://twitter.com/IngManuelMunozG/status/1362101993632849922,2021-02-17 18:09:56+00:00,La UE se va por la mejor vacuna y compra 300 millones de Moderna .,2,1,0,"{'longitude': -99.259495, 'latitude': 19.3863707}","{'fullName': 'Miguel Hidalgo, Distrito Federal', 'name': 'Miguel Hidalgo', 'type': 'city', 'country': 'Mexico', 'countryCode': 'MX'}",19.309917325231165,-99.12243737329996,31.28km,"['ue', 'ir', 'mejor', 'vacuno', 'compra', 'millon', 'moderno']"
1358860324959621120,https://twitter.com/IngManuelMunozG/status/1358860324959621120,2021-02-08 19:28:42+00:00,"@IngManuelMunozG  Moderna la mejor vacuna , una compa√±√≠a llena de juventud e ideas la vacuna de COVID 19 es nada comparado a lo que tiene en la panza .",2,0,0,"{'longitude': -99.259495, 'latitude': 19.3863707}","{'fullName': 'Miguel Hidalgo, Distrito Federal', 'name': 'Miguel Hidalgo', 'type': 'city', 'country': 'Mexico', 'countryCode': 'MX'}",19.309917325231165,-99.12243737329996,31.28km,"['moderna', 'mejor', 'vacuna', 'compania', 'lleno', 'juventud', 'idea', 'vacuno', 'covid', 'comparado', 'panza']"
1354812294417420288,https://twitter.com/DrHectorHdez/status/1354812294417420288,2021-01-28 15:23:16+00:00,"@doctormosqueda Doc, en caso de negarse a la aplicaci√≥n de una vacuna, se tendr√≠a otra oportunidad en caso de haber de otro laboratorio?P. ej. Negarse a pfizer y preferir moderna?",0,0,0,"{'longitude': -99.315748, 'latitude': 19.087511}","{'fullName': 'Tlalpan, Distrito Federal', 'name': 'Tlalpan', 'type': 'city', 'country': 'Mexico', 'countryCode': 'MX'}",19.309917325231165,-99.12243737329996,31.28km,"['doc', 'caso', 'negar', 'aplicacion', 'vacuna', 'oportunidad', 'caso', 'haber', 'laboratorio', 'ej', 'negar', 'pfizer', 'preferir', 'moderno']"
1354594317671792642,https://twitter.com/SofiaSrivera/status/1354594317671792642,2021-01-28 00:57:07+00:00,"@JoseCardenas1 buenas tardes, el gobierno extingui√≥ fideicomisos para obtener recursos para la salud, si deben tener dinero para comprar la vacuna de moderna.",0,0,0,"{'longitude': -99.128294, 'latitude': 19.4043522}","{'fullName': 'Venustiano Carranza, Distrito Federal', 'name': 'Venustiano Carranza', 'type': 'city', 'country': 'Mexico', 'countryCode': 'MX'}",19.309917325231165,-99.12243737329996,31.28km,"['buena', 'tarde', 'gobierno', 'extinguido', 'fideicomiso', 'obtener', 'recurso', 'salud', 'si', 'deber', 'tener', 'dinero', 'comprar', 'vacuna', 'moderna']"
1342655927569297408,https://twitter.com/DrJorgeLara/status/1342655927569297408,2020-12-26 02:18:13+00:00,@CarlitoS_lim @virdman6 @EKikin2101 Moderna es laboratorio en USA. El al Dr Fauci se le aplic√≥ esa vacuna.,0,0,0,"{'longitude': -99.413769, 'latitude': 19.412031}","{'fullName': 'Naucalpan de Ju√°rez, M√©xico', 'name': 'Naucalpan de Ju√°rez', 'type': 'city', 'country': 'Mexico', 'countryCode': 'MX'}",19.309917325231165,-99.12243737329996,31.28km,"['moderno', 'laboratorio', 'usar', 'doctor', 'faci', 'aplico', 'vacuno']"
